Entity,Code,Year,GDP per capita growth (annual %)
Argentina,ARG,1961,3.728778601
Argentina,ARG,1962,-2.425843239
Argentina,ARG,1963,-6.788239479
Argentina,ARG,1964,8.437244415
Argentina,ARG,1965,8.896809578
Argentina,ARG,1966,-2.136477709
Argentina,ARG,1967,1.67843473
Argentina,ARG,1968,3.286937714
Argentina,ARG,1969,8.050279617
Argentina,ARG,1970,1.479494452
Argentina,ARG,1971,4.007465363
Argentina,ARG,1972,0.005835951
Argentina,ARG,1973,1.156920791
Argentina,ARG,1974,3.851757765
Argentina,ARG,1975,-1.587829351
Argentina,ARG,1976,-3.506391048
Argentina,ARG,1977,5.342989922
Argentina,ARG,1978,-5.916401386
Argentina,ARG,1979,8.577690125
Argentina,ARG,1980,-0.029609999
Argentina,ARG,1981,-6.668498039
Argentina,ARG,1982,-2.307766199
Argentina,ARG,1983,2.681981802
Argentina,ARG,1984,-0.051846594
Argentina,ARG,1985,-6.692590714
Argentina,ARG,1986,4.484326839
Argentina,ARG,1987,1.106064558
Argentina,ARG,1988,-2.603236198
Argentina,ARG,1989,-8.540862083
Argentina,ARG,1990,-3.874085426
Argentina,ARG,1991,7.614326477
Argentina,ARG,1992,6.487631798
Argentina,ARG,1993,6.802927017
Argentina,ARG,1994,4.505456924
Argentina,ARG,1995,-4.032158852
Argentina,ARG,1996,4.274586678
Argentina,ARG,1997,6.864733219
Argentina,ARG,1998,2.681002855
Argentina,ARG,1999,-4.455178261
Argentina,ARG,2000,-1.874936342
Argentina,ARG,2001,-5.447048187
Argentina,ARG,2002,-11.8547821
Argentina,ARG,2003,7.676534176
Argentina,ARG,2004,7.884937286
Argentina,ARG,2005,7.72948885
Argentina,ARG,2006,6.955533504
Argentina,ARG,2007,7.924211025
Argentina,ARG,2008,3.029500723
Argentina,ARG,2009,-6.854225159
Argentina,ARG,2010,9.300123215
Argentina,ARG,2011,4.788682938
Argentina,ARG,2012,-2.145284414
Argentina,ARG,2013,1.265685201
Argentina,ARG,2014,-3.578580618
Argentina,ARG,2015,1.629664302
Argentina,ARG,2016,-3.110063791
Argentina,ARG,2017,1.75764823
Argentina,ARG,2018,-3.601609707
Bangladesh,BGD,1961,3.159069777
Bangladesh,BGD,1962,2.566304445
Bangladesh,BGD,1963,-3.220631123
Bangladesh,BGD,1964,7.773964882
Bangladesh,BGD,1965,-1.408613443
Bangladesh,BGD,1966,-0.613925219
Bangladesh,BGD,1967,-4.995064259
Bangladesh,BGD,1968,6.102955341
Bangladesh,BGD,1969,-1.623466969
Bangladesh,BGD,1970,3.066655636
Bangladesh,BGD,1971,-7.353329659
Bangladesh,BGD,1972,-15.38637924
Bangladesh,BGD,1973,1.77996254
Bangladesh,BGD,1974,7.830823898
Bangladesh,BGD,1975,-5.900720596
Bangladesh,BGD,1976,3.322472572
Bangladesh,BGD,1977,0.141704798
Bangladesh,BGD,1978,4.254809856
Bangladesh,BGD,1979,1.991289854
Bangladesh,BGD,1980,-1.852579713
Bangladesh,BGD,1981,4.443156242
Bangladesh,BGD,1982,-0.49972415
Bangladesh,BGD,1983,1.215529084
Bangladesh,BGD,1984,2.107809305
Bangladesh,BGD,1985,0.669033051
Bangladesh,BGD,1986,1.464275837
Bangladesh,BGD,1987,1.078532457
Bangladesh,BGD,1988,-0.207289562
Bangladesh,BGD,1989,0.27408421
Bangladesh,BGD,1990,3.086982012
Bangladesh,BGD,1991,1.106647134
Bangladesh,BGD,1992,3.114215374
Bangladesh,BGD,1993,2.465582371
Bangladesh,BGD,1994,1.690416574
Bangladesh,BGD,1995,2.901244164
Bangladesh,BGD,1996,2.319635153
Bangladesh,BGD,1997,2.306676865
Bangladesh,BGD,1998,3.014683008
Bangladesh,BGD,1999,2.57420826
Bangladesh,BGD,2000,3.257496595
Bangladesh,BGD,2001,3.113806009
Bangladesh,BGD,2002,1.960394859
Bangladesh,BGD,2003,2.941850185
Bangladesh,BGD,2004,3.553358555
Bangladesh,BGD,2005,4.965840816
Bangladesh,BGD,2006,5.244541168
Bangladesh,BGD,2007,5.753407001
Bangladesh,BGD,2008,4.806176186
Bangladesh,BGD,2009,3.8785007
Bangladesh,BGD,2010,4.390963078
Bangladesh,BGD,2011,5.253547192
Bangladesh,BGD,2012,5.299260139
Bangladesh,BGD,2013,4.795196056
Bangladesh,BGD,2014,4.855756283
Bangladesh,BGD,2015,5.366866112
Bangladesh,BGD,2016,5.946678162
Bangladesh,BGD,2017,6.136478424
Bangladesh,BGD,2018,6.733298779
Bolivia,BOL,1961,0.118310325
Bolivia,BOL,1962,3.523360968
Bolivia,BOL,1963,4.699908733
Bolivia,BOL,1964,1.892887831
Bolivia,BOL,1965,2.806634903
Bolivia,BOL,1966,4.995939255
Bolivia,BOL,1967,4.140545845
Bolivia,BOL,1968,6.285906792
Bolivia,BOL,1969,2.290809631
Bolivia,BOL,1970,3.007286549
Bolivia,BOL,1971,2.821894407
Bolivia,BOL,1972,5.64690876
Bolivia,BOL,1973,3.451920986
Bolivia,BOL,1974,0.701250732
Bolivia,BOL,1975,4.969745159
Bolivia,BOL,1976,2.3222754
Bolivia,BOL,1977,2.66639781
Bolivia,BOL,1978,-0.175360695
Bolivia,BOL,1979,-2.019983292
Bolivia,BOL,1980,-3.4489851
Bolivia,BOL,1981,-1.786639214
Bolivia,BOL,1982,-5.875812054
Bolivia,BOL,1983,-5.958231449
Bolivia,BOL,1984,-2.200478315
Bolivia,BOL,1985,-3.670621634
Bolivia,BOL,1986,-4.576234818
Bolivia,BOL,1987,0.33725819
Bolivia,BOL,1988,0.759237945
Bolivia,BOL,1989,1.615856528
Bolivia,BOL,1990,2.445135117
Bolivia,BOL,1991,3.065292358
Bolivia,BOL,1992,-0.475045204
Bolivia,BOL,1993,2.102879524
Bolivia,BOL,1994,2.509455442
Bolivia,BOL,1995,2.542198896
Bolivia,BOL,1996,2.256023645
Bolivia,BOL,1997,2.862582922
Bolivia,BOL,1998,2.962845087
Bolivia,BOL,1999,-1.522826314
Bolivia,BOL,2000,0.544854522
Bolivia,BOL,2001,-0.235740274
Bolivia,BOL,2002,0.579784513
Bolivia,BOL,2003,0.831475258
Bolivia,BOL,2004,2.298390865
Bolivia,BOL,2005,2.574925423
Bolivia,BOL,2006,2.977253437
Bolivia,BOL,2007,2.781367064
Bolivia,BOL,2008,4.368494511
Bolivia,BOL,2009,1.649164319
Bolivia,BOL,2010,2.429302216
Bolivia,BOL,2011,3.511074066
Bolivia,BOL,2012,3.453658342
Bolivia,BOL,2013,5.12759304
Bolivia,BOL,2014,3.843749762
Bolivia,BOL,2015,3.28269887
Bolivia,BOL,2016,2.731976271
Bolivia,BOL,2017,2.69615531
Bolivia,BOL,2018,2.75216341
Botswana,BWA,1961,4.278387547
Botswana,BWA,1962,4.408403873
Botswana,BWA,1963,3.565121889
Botswana,BWA,1964,4.457643032
Botswana,BWA,1965,3.522688627
Botswana,BWA,1966,4.120109081
Botswana,BWA,1967,3.722823143
Botswana,BWA,1968,8.187334061
Botswana,BWA,1969,12.42073154
Botswana,BWA,1970,14.05714703
Botswana,BWA,1971,22.19334793
Botswana,BWA,1972,22.43221474
Botswana,BWA,1973,17.29260063
Botswana,BWA,1974,5.023292065
Botswana,BWA,1975,4.548542023
Botswana,BWA,1976,6.532347679
Botswana,BWA,1977,7.737422943
Botswana,BWA,1978,9.946780205
Botswana,BWA,1979,7.921527386
Botswana,BWA,1980,7.897494793
Botswana,BWA,1981,5.249043465
Botswana,BWA,1982,8.385710716
Botswana,BWA,1983,9.368257523
Botswana,BWA,1984,4.828944683
Botswana,BWA,1985,3.304723501
Botswana,BWA,1986,4.145411968
Botswana,BWA,1987,7.623667717
Botswana,BWA,1988,14.95404625
Botswana,BWA,1989,9.024736404
Botswana,BWA,1990,3.265163422
Botswana,BWA,1991,4.253147602
Botswana,BWA,1992,0.107786715
Botswana,BWA,1993,-0.674864292
Botswana,BWA,1994,1.102291703
Botswana,BWA,1995,4.472473621
Botswana,BWA,1996,3.329437733
Botswana,BWA,1997,5.815391064
Botswana,BWA,1998,-1.812933803
Botswana,BWA,1999,7.322170734
Botswana,BWA,2000,-0.064863831
Botswana,BWA,2001,-1.625584245
Botswana,BWA,2002,4.205109596
Botswana,BWA,2003,2.831243277
Botswana,BWA,2004,0.893974841
Botswana,BWA,2005,2.607174873
Botswana,BWA,2006,6.189759731
Botswana,BWA,2007,5.993577003
Botswana,BWA,2008,4.017076015
Botswana,BWA,2009,-9.44202137
Botswana,BWA,2010,6.727325916
Botswana,BWA,2011,4.559247971
Botswana,BWA,2012,3.219551802
Botswana,BWA,2013,10.10177994
Botswana,BWA,2014,2.849378109
Botswana,BWA,2015,-7.144643784
Botswana,BWA,2016,5.093862057
Botswana,BWA,2017,1.873881578
Botswana,BWA,2018,1.720434427
Brazil,BRA,1961,5.484104156
Brazil,BRA,1962,3.530786037
Brazil,BRA,1963,-2.284082174
Brazil,BRA,1964,0.476589203
Brazil,BRA,1965,-0.435883254
Brazil,BRA,1966,3.80769062
Brazil,BRA,1967,1.431167603
Brazil,BRA,1968,6.943742275
Brazil,BRA,1969,6.71425581
Brazil,BRA,1970,7.65296936
Brazil,BRA,1971,8.636343002
Brazil,BRA,1972,9.276384354
Brazil,BRA,1973,11.29378796
Brazil,BRA,1974,5.626678467
Brazil,BRA,1975,2.704614878
Brazil,BRA,1976,7.671463013
Brazil,BRA,1977,2.475416183
Brazil,BRA,1978,2.511841536
Brazil,BRA,1979,4.262383461
Brazil,BRA,1980,6.652536869
Brazil,BRA,1981,-6.478748322
Brazil,BRA,1982,-1.503862858
Brazil,BRA,1983,-5.142491341
Brazil,BRA,1984,3.06343317
Brazil,BRA,1985,5.545479298
Brazil,BRA,1986,5.283653736
Brazil,BRA,1987,1.485222459
Brazil,BRA,1988,-1.963714361
Brazil,BRA,1989,1.255962849
Brazil,BRA,1990,-6.067117691
Brazil,BRA,1991,-0.729838967
Brazil,BRA,1992,-2.227708578
Brazil,BRA,1993,3.192299366
Brazil,BRA,1994,4.137508869
Brazil,BRA,1995,2.559523344
Brazil,BRA,1996,0.59776324
Brazil,BRA,1997,1.790603399
Brazil,BRA,1998,-1.184364796
Brazil,BRA,1999,-1.009137273
Brazil,BRA,2000,2.911826372
Brazil,BRA,2001,0.01337086
Brazil,BRA,2002,1.709470987
Brazil,BRA,2003,-0.122933723
Brazil,BRA,2004,4.497076988
Brazil,BRA,2005,2.026304245
Brazil,BRA,2006,2.83475852
Brazil,BRA,2007,4.974701881
Brazil,BRA,2008,4.054410458
Brazil,BRA,2009,-1.08194232
Brazil,BRA,2010,6.524370193
Brazil,BRA,2011,3.026401997
Brazil,BRA,2012,1.014540792
Brazil,BRA,2013,2.108885765
Brazil,BRA,2014,-0.352483153
Brazil,BRA,2015,-4.351475239
Brazil,BRA,2016,-4.069410801
Brazil,BRA,2017,0.508337975
Brazil,BRA,2018,0.988960028
Burkina Faso,BFA,1961,2.656039238
Burkina Faso,BFA,1962,4.722085953
Burkina Faso,BFA,1963,-2.593191624
Burkina Faso,BFA,1964,0.856967449
Burkina Faso,BFA,1965,2.240963936
Burkina Faso,BFA,1966,-1.02095747
Burkina Faso,BFA,1967,7.058177471
Burkina Faso,BFA,1968,1.344324589
Burkina Faso,BFA,1969,0.288923264
Burkina Faso,BFA,1970,-1.599244118
Burkina Faso,BFA,1971,-0.337063134
Burkina Faso,BFA,1972,0.523586273
Burkina Faso,BFA,1973,-1.334541559
Burkina Faso,BFA,1974,6.322369099
Burkina Faso,BFA,1975,1.082038999
Burkina Faso,BFA,1976,6.468037128
Burkina Faso,BFA,1977,-1.588778973
Burkina Faso,BFA,1978,2.495316505
Burkina Faso,BFA,1979,1.476302624
Burkina Faso,BFA,1980,-1.436586857
Burkina Faso,BFA,1981,1.832503557
Burkina Faso,BFA,1982,6.912886143
Burkina Faso,BFA,1983,-2.150748491
Burkina Faso,BFA,1984,-4.260939121
Burkina Faso,BFA,1985,5.755685806
Burkina Faso,BFA,1986,5.195035458
Burkina Faso,BFA,1987,-2.802603006
Burkina Faso,BFA,1988,3.057962418
Burkina Faso,BFA,1989,-0.510756016
Burkina Faso,BFA,1990,-3.211259842
Burkina Faso,BFA,1991,6.188961506
Burkina Faso,BFA,1992,-2.43046999
Burkina Faso,BFA,1993,0.695587039
Burkina Faso,BFA,1994,-1.410829782
Burkina Faso,BFA,1995,2.852924347
Burkina Faso,BFA,1996,7.987483501
Burkina Faso,BFA,1997,3.397953272
Burkina Faso,BFA,1998,4.341787815
Burkina Faso,BFA,1999,4.406651497
Burkina Faso,BFA,2000,-0.966443002
Burkina Faso,BFA,2001,3.608687639
Burkina Faso,BFA,2002,1.394568324
Burkina Faso,BFA,2003,4.722709656
Burkina Faso,BFA,2004,1.464089394
Burkina Faso,BFA,2005,5.493492126
Burkina Faso,BFA,2006,3.124248266
Burkina Faso,BFA,2007,1.022406816
Burkina Faso,BFA,2008,2.647568226
Burkina Faso,BFA,2009,-0.107459605
Burkina Faso,BFA,2010,5.220991611
Burkina Faso,BFA,2011,3.462030888
Burkina Faso,BFA,2012,3.309202433
Burkina Faso,BFA,2013,2.684767962
Burkina Faso,BFA,2014,1.2821275
Burkina Faso,BFA,2015,0.911075771
Burkina Faso,BFA,2016,2.913665533
Burkina Faso,BFA,2017,3.177360773
Burkina Faso,BFA,2018,3.59163475
Cambodia,KHM,1994,-37.00218201
Cambodia,KHM,1995,6.41494751
Cambodia,KHM,1996,2.746744633
Cambodia,KHM,1997,1.100747108
Cambodia,KHM,1998,1.957177758
Cambodia,KHM,1999,9.99401474
Cambodia,KHM,2000,7.56139946
Cambodia,KHM,2001,5.967443943
Cambodia,KHM,2002,4.619793415
Cambodia,KHM,2003,6.662163734
Cambodia,KHM,2004,8.564605713
Cambodia,KHM,2005,11.48495865
Cambodia,KHM,2006,9.091564178
Cambodia,KHM,2007,8.583162308
Cambodia,KHM,2008,5.124827862
Cambodia,KHM,2009,-1.402999043
Cambodia,KHM,2010,4.344632626
Cambodia,KHM,2011,5.381835461
Cambodia,KHM,2012,5.577848911
Cambodia,KHM,2013,5.59998703
Cambodia,KHM,2014,5.401747704
Cambodia,KHM,2015,5.264089108
Cambodia,KHM,2016,5.272608757
Cambodia,KHM,2017,5.372021675
Cambodia,KHM,2018,5.879385948
Cameroon,CMR,1961,-0.885840297
Cameroon,CMR,1962,0.871165097
Cameroon,CMR,1963,1.498271585
Cameroon,CMR,1964,1.25466013
Cameroon,CMR,1965,-0.280036241
Cameroon,CMR,1966,2.201573372
Cameroon,CMR,1967,-13.01024151
Cameroon,CMR,1968,3.791316986
Cameroon,CMR,1969,2.332430363
Cameroon,CMR,1970,0.52007705
Cameroon,CMR,1971,0.851514101
Cameroon,CMR,1972,0.019804351
Cameroon,CMR,1973,2.582031012
Cameroon,CMR,1974,7.76337862
Cameroon,CMR,1975,8.202706337
Cameroon,CMR,1976,-8.125711441
Cameroon,CMR,1977,10.5216856
Cameroon,CMR,1978,18.49498367
Cameroon,CMR,1979,2.936299324
Cameroon,CMR,1980,-4.87457037
Cameroon,CMR,1981,13.56402397
Cameroon,CMR,1982,4.252309322
Cameroon,CMR,1983,3.593154669
Cameroon,CMR,1984,4.155420303
Cameroon,CMR,1985,4.705027103
Cameroon,CMR,1986,3.43693614
Cameroon,CMR,1987,-5.206677914
Cameroon,CMR,1988,-10.68964577
Cameroon,CMR,1989,-4.829936981
Cameroon,CMR,1990,-8.929512024
Cameroon,CMR,1991,-6.64432478
Cameroon,CMR,1992,-5.903137684
Cameroon,CMR,1993,-10.54144096
Cameroon,CMR,1994,-0.948172927
Cameroon,CMR,1995,0.102196336
Cameroon,CMR,1996,1.448886037
Cameroon,CMR,1997,1.804674268
Cameroon,CMR,1998,2.027494669
Cameroon,CMR,1999,1.822374582
Cameroon,CMR,2000,1.146271348
Cameroon,CMR,2001,1.606497049
Cameroon,CMR,2002,1.738925576
Cameroon,CMR,2003,2.670941353
Cameroon,CMR,2004,4.205363274
Cameroon,CMR,2005,-0.504706562
Cameroon,CMR,2006,1.016808748
Cameroon,CMR,2007,1.505795956
Cameroon,CMR,2008,0.057068061
Cameroon,CMR,2009,-0.205524132
Cameroon,CMR,2010,0.11012473
Cameroon,CMR,2011,0.584593177
Cameroon,CMR,2012,1.807053328
Cameroon,CMR,2013,2.179930449
Cameroon,CMR,2014,2.90200448
Cameroon,CMR,2015,2.870787859
Cameroon,CMR,2016,1.791288018
Cameroon,CMR,2017,0.845720708
Cameroon,CMR,2018,1.275063753
Chile,CHL,1961,3.080291033
Chile,CHL,1962,1.902549028
Chile,CHL,1963,3.717376232
Chile,CHL,1964,0.563878596
Chile,CHL,1965,-0.933526218
Chile,CHL,1966,9.252344131
Chile,CHL,1967,1.84409678
Chile,CHL,1968,1.877012849
Chile,CHL,1969,2.248539686
Chile,CHL,1970,0.186173782
Chile,CHL,1971,7.666436672
Chile,CHL,1972,-2.596773148
Chile,CHL,1973,-6.529341698
Chile,CHL,1974,0.782173455
Chile,CHL,1975,-14.25642395
Chile,CHL,1976,2.244082451
Chile,CHL,1977,8.767192841
Chile,CHL,1978,6.085096359
Chile,CHL,1979,6.822000027
Chile,CHL,1980,6.431288719
Chile,CHL,1981,5.029216766
Chile,CHL,1982,-12.2409668
Chile,CHL,1983,-6.325916767
Chile,CHL,1984,2.636853218
Chile,CHL,1985,2.490138292
Chile,CHL,1986,3.78087616
Chile,CHL,1987,4.800910473
Chile,CHL,1988,5.634008884
Chile,CHL,1989,8.146882057
Chile,CHL,1990,1.653254867
Chile,CHL,1991,6.041865826
Chile,CHL,1992,9.347155571
Chile,CHL,1993,4.868098736
Chile,CHL,1994,3.388635159
Chile,CHL,1995,7.308348179
Chile,CHL,1996,5.290983677
Chile,CHL,1997,5.983091831
Chile,CHL,1998,2.990659952
Chile,CHL,1999,-1.627586365
Chile,CHL,2000,4.094314575
Chile,CHL,2001,2.1461761
Chile,CHL,2002,2.000585079
Chile,CHL,2003,3.005876064
Chile,CHL,2004,6.102812767
Chile,CHL,2005,4.646759033
Chile,CHL,2006,5.200379848
Chile,CHL,2007,3.790320873
Chile,CHL,2008,2.426252842
Chile,CHL,2009,-2.601452827
Chile,CHL,2010,4.750242233
Chile,CHL,2011,5.057708263
Chile,CHL,2012,4.309194088
Chile,CHL,2013,3.031573534
Chile,CHL,2014,0.692522585
Chile,CHL,2015,1.105984449
Chile,CHL,2016,0.372098744
Chile,CHL,2017,-0.247251362
Chile,CHL,2018,2.281121016
China,CHN,1961,-26.5276432
China,CHN,1962,-6.351504803
China,CHN,1963,7.622254372
China,CHN,1964,15.46899509
China,CHN,1965,14.19788933
China,CHN,1966,7.60840416
China,CHN,1967,-8.161497116
China,CHN,1968,-6.571451664
China,CHN,1969,13.77934074
China,CHN,1970,16.05039978
China,CHN,1971,4.15917635
China,CHN,1972,1.290105939
China,CHN,1973,5.327292919
China,CHN,1974,0.218005672
China,CHN,1975,6.816440582
China,CHN,1976,-3.081321955
China,CHN,1977,6.114001751
China,CHN,1978,9.846157074
China,CHN,1979,6.165663719
China,CHN,1980,6.490112782
China,CHN,1981,3.774903774
China,CHN,1982,7.423410416
China,CHN,1983,9.181137085
China,CHN,1984,13.69001961
China,CHN,1985,11.89656162
China,CHN,1986,7.341433525
China,CHN,1987,9.881163597
China,CHN,1988,9.446171761
China,CHN,1989,2.620859146
China,CHN,1990,2.406558514
China,CHN,1991,7.782092094
China,CHN,1992,12.83320999
China,CHN,1993,12.58199692
China,CHN,1994,11.76638889
China,CHN,1995,9.754955292
China,CHN,1996,8.77643013
China,CHN,1997,8.124497414
China,CHN,1998,6.816064358
China,CHN,1999,6.733485699
China,CHN,2000,7.638597488
China,CHN,2001,7.551654816
China,CHN,2002,8.40487957
China,CHN,2003,9.354776382
China,CHN,2004,9.461558342
China,CHN,2005,10.74137497
China,CHN,2006,12.09330463
China,CHN,2007,13.63582039
China,CHN,2008,9.090280533
China,CHN,2009,8.855947495
China,CHN,2010,10.10283279
China,CHN,2011,8.953816414
China,CHN,2012,7.134523869
China,CHN,2013,7.050734043
China,CHN,2014,6.750760078
China,CHN,2015,6.420736313
China,CHN,2016,6.238215446
China,CHN,2017,6.301863194
China,CHN,2018,6.251700401
Colombia,COL,1961,1.853647351
Colombia,COL,1962,2.173589945
Colombia,COL,1963,0.140302271
Colombia,COL,1964,2.982205391
Colombia,COL,1965,0.556755424
Colombia,COL,1966,2.210089922
Colombia,COL,1967,1.20688951
Colombia,COL,1968,3.044011831
Colombia,COL,1969,3.322343826
Colombia,COL,1970,3.549588919
Colombia,COL,1971,3.437783003
Colombia,COL,1972,5.218731403
Colombia,COL,1973,4.36789465
Colombia,COL,1974,3.437170267
Colombia,COL,1975,0.082046449
Colombia,COL,1976,2.419145107
Colombia,COL,1977,1.85533762
Colombia,COL,1978,6.070983887
Colombia,COL,1979,3.059011936
Colombia,COL,1980,1.814066887
Colombia,COL,1981,0.059608571
Colombia,COL,1982,-1.225658655
Colombia,COL,1983,-0.592211306
Colombia,COL,1984,1.176474571
Colombia,COL,1985,0.972877622
Colombia,COL,1986,3.673550129
Colombia,COL,1987,3.264831066
Colombia,COL,1988,2.013434649
Colombia,COL,1989,1.390993476
Colombia,COL,1990,2.249847889
Colombia,COL,1991,0.020215858
Colombia,COL,1992,2.037211657
Colombia,COL,1993,3.377171278
Colombia,COL,1994,3.838848114
Colombia,COL,1995,3.288938046
Colombia,COL,1996,0.253052831
Colombia,COL,1997,1.655222774
Colombia,COL,1998,-1.109259605
Colombia,COL,1999,-5.764187336
Colombia,COL,2000,1.287367821
Colombia,COL,2001,0.096779495
Colombia,COL,2002,0.950680912
Colombia,COL,2003,2.393939734
Colombia,COL,2004,3.850805283
Colombia,COL,2005,3.423322201
Colombia,COL,2006,5.350402355
Colombia,COL,2007,5.428634644
Colombia,COL,2008,2.075784206
Colombia,COL,2009,0.020713245
Colombia,COL,2010,3.402533054
Colombia,COL,2011,5.917244434
Colombia,COL,2012,2.981272936
Colombia,COL,2013,4.184822083
Colombia,COL,2014,3.448395252
Colombia,COL,2015,1.757883668
Colombia,COL,2016,0.70068866
Colombia,COL,2017,-0.163409337
Colombia,COL,2018,1.012856007
Costa Rica,CRI,1961,-1.838334084
Costa Rica,CRI,1962,1.605376601
Costa Rica,CRI,1963,3.07263732
Costa Rica,CRI,1964,0.065376855
Costa Rica,CRI,1965,4.597929001
Costa Rica,CRI,1966,3.572338581
Costa Rica,CRI,1967,2.433066845
Costa Rica,CRI,1968,5.311131477
Costa Rica,CRI,1969,2.546241045
Costa Rica,CRI,1970,4.622467041
Costa Rica,CRI,1971,4.037063122
Costa Rica,CRI,1972,5.50187397
Costa Rica,CRI,1973,5.095172405
Costa Rica,CRI,1974,2.975325823
Costa Rica,CRI,1975,-0.432409883
Costa Rica,CRI,1976,2.841420412
Costa Rica,CRI,1977,6.093156338
Costa Rica,CRI,1978,3.484293699
Costa Rica,CRI,1979,2.16424489
Costa Rica,CRI,1980,-1.925563812
Costa Rica,CRI,1981,-4.873485088
Costa Rica,CRI,1982,-9.77542305
Costa Rica,CRI,1983,0.099750884
Costa Rica,CRI,1984,5.137012959
Costa Rica,CRI,1985,-1.946635485
Costa Rica,CRI,1986,2.775047302
Costa Rica,CRI,1987,2.055009365
Costa Rica,CRI,1988,0.774638176
Costa Rica,CRI,1989,2.951044321
Costa Rica,CRI,1990,0.883400977
Costa Rica,CRI,1991,-0.373861104
Costa Rica,CRI,1992,6.395356178
Costa Rica,CRI,1993,4.373218536
Costa Rica,CRI,1994,1.90423131
Costa Rica,CRI,1995,1.607185125
Costa Rica,CRI,1996,-1.072474122
Costa Rica,CRI,1997,3.020289421
Costa Rica,CRI,1998,4.762528419
Costa Rica,CRI,1999,2.027882338
Costa Rica,CRI,2000,1.851802707
Costa Rica,CRI,2001,1.651631355
Costa Rica,CRI,2002,1.7311064
Costa Rica,CRI,2003,2.73563242
Costa Rica,CRI,2004,2.91444087
Costa Rica,CRI,2005,2.512478352
Costa Rica,CRI,2006,5.846817493
Costa Rica,CRI,2007,6.760552883
Costa Rica,CRI,2008,3.365398645
Costa Rica,CRI,2009,-2.136805773
Costa Rica,CRI,2010,4.056807518
Costa Rica,CRI,2011,3.147663116
Costa Rica,CRI,2012,3.653958797
Costa Rica,CRI,2013,1.325289726
Costa Rica,CRI,2014,2.391709089
Costa Rica,CRI,2015,2.531383276
Costa Rica,CRI,2016,3.108306885
Costa Rica,CRI,2017,3.092566252
Costa Rica,CRI,2018,1.600140095
Ecuador,ECU,1961,2.189003706
Ecuador,ECU,1962,1.973544598
Ecuador,ECU,1963,-0.777889192
Ecuador,ECU,1964,4.352837086
Ecuador,ECU,1965,0.318378866
Ecuador,ECU,1966,-3.208632708
Ecuador,ECU,1967,1.599300742
Ecuador,ECU,1968,-1.035444379
Ecuador,ECU,1969,1.652644038
Ecuador,ECU,1970,3.807945967
Ecuador,ECU,1971,3.2633605
Ecuador,ECU,1972,2.045565844
Ecuador,ECU,1973,10.75580025
Ecuador,ECU,1974,8.128354073
Ecuador,ECU,1975,7.940793514
Ecuador,ECU,1976,4.506539822
Ecuador,ECU,1977,-1.091134667
Ecuador,ECU,1978,2.937497854
Ecuador,ECU,1979,1.045877576
Ecuador,ECU,1980,1.04619813
Ecuador,ECU,1981,2.927079916
Ecuador,ECU,1982,-1.918629408
Ecuador,ECU,1983,-2.823630095
Ecuador,ECU,1984,0.085375614
Ecuador,ECU,1985,1.382660627
Ecuador,ECU,1986,0.944200456
Ecuador,ECU,1987,-2.666961193
Ecuador,ECU,1988,3.359080076
Ecuador,ECU,1989,-1.382869959
Ecuador,ECU,1990,1.257277846
Ecuador,ECU,1991,1.885889053
Ecuador,ECU,1992,-0.207484603
Ecuador,ECU,1993,-0.309049755
Ecuador,ECU,1994,1.964912891
Ecuador,ECU,1995,0.045914885
Ecuador,ECU,1996,-0.423720896
Ecuador,ECU,1997,2.160484076
Ecuador,ECU,1998,1.175607324
Ecuador,ECU,1999,-6.604921818
Ecuador,ECU,2000,-0.813578248
Ecuador,ECU,2001,2.134705544
Ecuador,ECU,2002,2.284631729
Ecuador,ECU,2003,0.98482126
Ecuador,ECU,2004,6.406664371
Ecuador,ECU,2005,3.543928862
Ecuador,ECU,2006,2.66928196
Ecuador,ECU,2007,0.494765341
Ecuador,ECU,2008,4.607021332
Ecuador,ECU,2009,-1.058101416
Ecuador,ECU,2010,1.892865181
Ecuador,ECU,2011,6.221016407
Ecuador,ECU,2012,4.070286751
Ecuador,ECU,2013,3.387267113
Ecuador,ECU,2014,2.198973179
Ecuador,ECU,2015,-1.507634282
Ecuador,ECU,2016,-2.898018837
Ecuador,ECU,2017,0.573913157
Ecuador,ECU,2018,-0.483429074
Egypt,EGY,1961,2.343054533
Egypt,EGY,1962,1.119054675
Egypt,EGY,1963,7.612203121
Egypt,EGY,1964,8.598129272
Egypt,EGY,1965,2.196997166
Egypt,EGY,1966,2.340769768
Egypt,EGY,1967,-1.769886732
Egypt,EGY,1968,-4.076496124
Egypt,EGY,1969,2.714075089
Egypt,EGY,1970,3.118025303
Egypt,EGY,1971,1.705635667
Egypt,EGY,1972,0.798428595
Egypt,EGY,1973,1.279735684
Egypt,EGY,1974,-0.626916111
Egypt,EGY,1975,6.562527657
Egypt,EGY,1976,10.7694397
Egypt,EGY,1977,6.551983356
Egypt,EGY,1978,6.138734818
Egypt,EGY,1979,2.094735861
Egypt,EGY,1980,7.365427017
Egypt,EGY,1981,4.710663319
Egypt,EGY,1982,7.157803535
Egypt,EGY,1983,2.420307159
Egypt,EGY,1984,6.907989025
Egypt,EGY,1985,3.020832777
Egypt,EGY,1986,1.963265777
Egypt,EGY,1987,1.058106065
Egypt,EGY,1988,2.681472778
Egypt,EGY,1989,2.26008296
Egypt,EGY,1990,3.133711338
Egypt,EGY,1991,-1.146432996
Egypt,EGY,1992,2.260663748
Egypt,EGY,1993,0.814883351
Egypt,EGY,1994,1.905226707
Egypt,EGY,1995,2.563810825
Egypt,EGY,1996,2.896261454
Egypt,EGY,1997,3.394226074
Egypt,EGY,1998,3.489528418
Egypt,EGY,1999,3.98731637
Egypt,EGY,2000,4.33634758
Egypt,EGY,2001,1.585496664
Egypt,EGY,2002,0.481792748
Egypt,EGY,2003,1.29319644
Egypt,EGY,2004,2.203154325
Egypt,EGY,2005,2.60221076
Egypt,EGY,2006,4.967392921
Egypt,EGY,2007,5.228311539
Egypt,EGY,2008,5.267154694
Egypt,EGY,2009,2.740086794
Egypt,EGY,2010,3.080842018
Egypt,EGY,2011,-0.363927633
Egypt,EGY,2012,-0.012958454
Egypt,EGY,2013,-0.105970986
Egypt,EGY,2014,0.61685133
Egypt,EGY,2015,2.093735695
Egypt,EGY,2016,2.132015228
Egypt,EGY,2017,2.025579929
Egypt,EGY,2018,3.194420815
Ethiopia,ETH,1982,-1.841024995
Ethiopia,ETH,1983,4.979009628
Ethiopia,ETH,1984,-5.88702774
Ethiopia,ETH,1985,-13.93731117
Ethiopia,ETH,1986,6.229141712
Ethiopia,ETH,1987,10.2762537
Ethiopia,ETH,1988,-2.7028687
Ethiopia,ETH,1989,-3.623541594
Ethiopia,ETH,1990,-0.739151418
Ethiopia,ETH,1991,-10.36101818
Ethiopia,ETH,1992,-11.89343262
Ethiopia,ETH,1993,9.168779373
Ethiopia,ETH,1994,-0.335854113
Ethiopia,ETH,1995,2.654450893
Ethiopia,ETH,1996,8.921420097
Ethiopia,ETH,1997,0.051802862
Ethiopia,ETH,1998,-6.254079819
Ethiopia,ETH,1999,2.162559509
Ethiopia,ETH,2000,3.059110165
Ethiopia,ETH,2001,5.227320194
Ethiopia,ETH,2002,-1.354735374
Ethiopia,ETH,2003,-4.911300182
Ethiopia,ETH,2004,10.40753078
Ethiopia,ETH,2005,8.733089447
Ethiopia,ETH,2006,7.80874157
Ethiopia,ETH,2007,8.437274933
Ethiopia,ETH,2008,7.793016434
Ethiopia,ETH,2009,5.843986511
Ethiopia,ETH,2010,9.460612297
Ethiopia,ETH,2011,8.094845772
Ethiopia,ETH,2012,5.616571426
Ethiopia,ETH,2013,7.499867916
Ethiopia,ETH,2014,7.213184357
Ethiopia,ETH,2015,7.391469002
Ethiopia,ETH,2016,6.509712219
Ethiopia,ETH,2017,6.684559822
Ethiopia,ETH,2018,4.053940296
Ghana,GHA,1961,0.21180065
Ghana,GHA,1962,0.816352069
Ghana,GHA,1963,1.142870903
Ghana,GHA,1964,-0.838096917
Ghana,GHA,1965,-1.446910381
Ghana,GHA,1966,-6.693058968
Ghana,GHA,1967,0.649745405
Ghana,GHA,1968,-1.910305858
Ghana,GHA,1969,3.539608002
Ghana,GHA,1970,7.016966343
Ghana,GHA,1971,2.428331614
Ghana,GHA,1972,-5.196480751
Ghana,GHA,1973,0.024487533
Ghana,GHA,1974,4.051669598
Ghana,GHA,1975,-14.50858688
Ghana,GHA,1976,-5.546926498
Ghana,GHA,1977,0.342947304
Ghana,GHA,1978,6.48047924
Ghana,GHA,1979,-4.45513916
Ghana,GHA,1980,-1.807378173
Ghana,GHA,1981,-5.987493992
Ghana,GHA,1982,-9.542460442
Ghana,GHA,1983,-7.392914772
Ghana,GHA,1984,5.388753414
Ghana,GHA,1985,1.984498382
Ghana,GHA,1986,2.152846575
Ghana,GHA,1987,1.800902724
Ghana,GHA,1988,2.636433363
Ghana,GHA,1989,2.110767365
Ghana,GHA,1990,0.392153054
Ghana,GHA,1991,2.276612759
Ghana,GHA,1992,0.91975373
Ghana,GHA,1993,1.898435116
Ghana,GHA,1994,0.46252507
Ghana,GHA,1995,1.344209313
Ghana,GHA,1996,1.916216612
Ghana,GHA,1997,1.598729372
Ghana,GHA,1998,2.144176483
Ghana,GHA,1999,1.873790622
Ghana,GHA,2000,1.190821409
Ghana,GHA,2001,1.483403802
Ghana,GHA,2002,1.973759294
Ghana,GHA,2003,2.645163536
Ghana,GHA,2004,3.00859046
Ghana,GHA,2005,3.267291546
Ghana,GHA,2006,3.716463089
Ghana,GHA,2007,1.689117908
Ghana,GHA,2008,6.371072769
Ghana,GHA,2009,2.2110672
Ghana,GHA,2010,5.249330521
Ghana,GHA,2011,11.31541061
Ghana,GHA,2012,6.733555794
Ghana,GHA,2013,4.847517967
Ghana,GHA,2014,0.525773585
Ghana,GHA,2015,-0.170049027
Ghana,GHA,2016,1.076960564
Ghana,GHA,2017,5.754348755
Ghana,GHA,2018,3.896614313
Hong Kong,HKG,1962,9.550611496
Hong Kong,HKG,1963,11.8482914
Hong Kong,HKG,1964,6.034017563
Hong Kong,HKG,1965,11.66939926
Hong Kong,HKG,1966,0.897431552
Hong Kong,HKG,1967,-0.932054102
Hong Kong,HKG,1968,1.225005269
Hong Kong,HKG,1969,9.579687119
Hong Kong,HKG,1970,6.583489895
Hong Kong,HKG,1971,5.004174232
Hong Kong,HKG,1972,8.511445045
Hong Kong,HKG,1973,9.155926704
Hong Kong,HKG,1974,-0.771085441
Hong Kong,HKG,1975,-1.395473003
Hong Kong,HKG,1976,14.71395016
Hong Kong,HKG,1977,10.12426376
Hong Kong,HKG,1978,6.3171525
Hong Kong,HKG,1979,5.62321043
Hong Kong,HKG,1980,7.207041264
Hong Kong,HKG,1981,6.724927425
Hong Kong,HKG,1982,1.363822699
Hong Kong,HKG,1983,4.378946781
Hong Kong,HKG,1984,8.89812851
Hong Kong,HKG,1985,-0.319495052
Hong Kong,HKG,1986,9.681191444
Hong Kong,HKG,1987,12.26264668
Hong Kong,HKG,1988,7.60340023
Hong Kong,HKG,1989,1.222979426
Hong Kong,HKG,1990,3.497442245
Hong Kong,HKG,1991,4.829077721
Hong Kong,HKG,1992,5.346715927
Hong Kong,HKG,1993,4.3923769
Hong Kong,HKG,1994,3.67479372
Hong Kong,HKG,1995,0.366550237
Hong Kong,HKG,1996,-0.26797992
Hong Kong,HKG,1997,4.228324413
Hong Kong,HKG,1998,-6.665052414
Hong Kong,HKG,1999,1.53228271
Hong Kong,HKG,2000,6.718479156
Hong Kong,HKG,2001,-0.177491531
Hong Kong,HKG,2002,1.207464695
Hong Kong,HKG,2003,3.259892464
Hong Kong,HKG,2004,7.85559082
Hong Kong,HKG,2005,6.920052052
Hong Kong,HKG,2006,6.34737587
Hong Kong,HKG,2007,5.553520203
Hong Kong,HKG,2008,1.518772125
Hong Kong,HKG,2009,-2.668971777
Hong Kong,HKG,2010,5.986389637
Hong Kong,HKG,2011,4.112123489
Hong Kong,HKG,2012,0.583770812
Hong Kong,HKG,2013,2.687928438
Hong Kong,HKG,2014,2.043132305
Hong Kong,HKG,2015,1.519978166
Hong Kong,HKG,2016,1.538646579
Hong Kong,HKG,2017,3.017315865
Hong Kong,HKG,2018,2.027927637
India,IND,1961,1.670481801
India,IND,1962,0.860769629
India,IND,1963,3.836414099
India,IND,1964,5.249911785
India,IND,1965,-4.640156269
India,IND,1966,-2.116105318
India,IND,1967,5.594633579
India,IND,1968,1.22622323
India,IND,1969,4.269855022
India,IND,1970,2.864361525
India,IND,1971,-0.626350164
India,IND,1972,-2.815628052
India,IND,1973,0.919173956
India,IND,1974,-1.146912456
India,IND,1975,6.64490509
India,IND,1976,-0.653096199
India,IND,1977,4.82517767
India,IND,1978,3.322549343
India,IND,1979,-7.388102055
India,IND,1980,4.298982143
India,IND,1981,3.571275711
India,IND,1982,1.093955398
India,IND,1983,4.828034878
India,IND,1984,1.464367986
India,IND,1985,2.902381659
India,IND,1986,2.475166321
India,IND,1987,1.719486833
India,IND,1988,7.299419403
India,IND,1989,3.734376431
India,IND,1990,3.365072489
India,IND,1991,-0.983573675
India,IND,1992,3.390418291
India,IND,1993,2.706727266
India,IND,1994,4.606289387
India,IND,1995,5.529881477
India,IND,1996,5.530416489
India,IND,1997,2.12301445
India,IND,1998,4.24884367
India,IND,1999,6.898116112
India,IND,2000,2.0210886
India,IND,2001,3.027376652
India,IND,2002,2.06487608
India,IND,2003,6.093705177
India,IND,2004,6.19365263
India,IND,2005,6.231949806
India,IND,2006,6.403284073
India,IND,2007,6.048174381
India,IND,2008,1.587598324
India,IND,2009,6.351088047
India,IND,2010,7.042347908
India,IND,2011,3.89396596
India,IND,2012,4.165673256
India,IND,2013,5.135074615
India,IND,2014,6.186679363
India,IND,2015,6.796759129
India,IND,2016,7.082227707
India,IND,2017,5.665781021
India,IND,2018,5.433077335
Indonesia,IDN,1961,2.985788822
Indonesia,IDN,1962,-0.821874201
Indonesia,IDN,1963,-4.806158543
Indonesia,IDN,1964,0.791338146
Indonesia,IDN,1965,-1.610445023
Indonesia,IDN,1966,0.039260868
Indonesia,IDN,1967,-1.339422345
Indonesia,IDN,1968,7.943622589
Indonesia,IDN,1969,3.975221872
Indonesia,IDN,1970,4.711375713
Indonesia,IDN,1971,4.221323967
Indonesia,IDN,1972,4.262872696
Indonesia,IDN,1973,5.334020138
Indonesia,IDN,1974,4.912593842
Indonesia,IDN,1975,2.359685421
Indonesia,IDN,1976,4.264636993
Indonesia,IDN,1977,6.138025761
Indonesia,IDN,1978,4.228384972
Indonesia,IDN,1979,4.799295425
Indonesia,IDN,1980,7.318041801
Indonesia,IDN,1981,5.431383133
Indonesia,IDN,1982,-0.090159863
Indonesia,IDN,1983,1.857985973
Indonesia,IDN,1984,4.64816618
Indonesia,IDN,1985,0.313874483
Indonesia,IDN,1986,3.742233276
Indonesia,IDN,1987,2.891931534
Indonesia,IDN,1988,3.80170989
Indonesia,IDN,1989,5.507034779
Indonesia,IDN,1990,5.34794569
Indonesia,IDN,1991,5.07105875
Indonesia,IDN,1992,4.711831093
Indonesia,IDN,1993,4.760224342
Indonesia,IDN,1994,5.839520931
Indonesia,IDN,1995,6.562205315
Indonesia,IDN,1996,6.217927933
Indonesia,IDN,1997,3.189871311
Indonesia,IDN,1998,-14.35055637
Indonesia,IDN,1999,-0.605436802
Indonesia,IDN,2000,3.482210636
Indonesia,IDN,2001,2.235179663
Indonesia,IDN,2002,3.090636015
Indonesia,IDN,2003,3.376532793
Indonesia,IDN,2004,3.630908728
Indonesia,IDN,2005,4.289591312
Indonesia,IDN,2006,4.107514381
Indonesia,IDN,2007,4.946468353
Indonesia,IDN,2008,4.620033741
Indonesia,IDN,2009,3.247328281
Indonesia,IDN,2010,4.812273026
Indonesia,IDN,2011,4.748318672
Indonesia,IDN,2012,4.606485367
Indonesia,IDN,2013,4.151428223
Indonesia,IDN,2014,3.639072418
Indonesia,IDN,2015,3.555062532
Indonesia,IDN,2016,3.758837223
Indonesia,IDN,2017,3.841197252
Indonesia,IDN,2018,3.987824917
Israel,ISR,1961,7.591413498
Israel,ISR,1962,4.967778683
Israel,ISR,1963,6.694102287
Israel,ISR,1964,3.750537157
Israel,ISR,1965,5.348249912
Israel,ISR,1966,-2.588105679
Israel,ISR,1967,-1.35741055
Israel,ISR,1968,13.83666515
Israel,ISR,1969,10.64465332
Israel,ISR,1996,3.289553881
Israel,ISR,1997,1.360624313
Israel,ISR,1998,1.841950774
Israel,ISR,1999,0.966523468
Israel,ISR,2000,6.052660465
Israel,ISR,2001,-2.229670048
Israel,ISR,2002,-2.185876608
Israel,ISR,2003,-0.660527945
Israel,ISR,2004,3.076807976
Israel,ISR,2005,2.338688612
Israel,ISR,2006,3.92332077
Israel,ISR,2007,4.234026432
Israel,ISR,2008,1.637059927
Israel,ISR,2009,-1.245888948
Israel,ISR,2010,3.771636009
Israel,ISR,2011,3.609993696
Israel,ISR,2012,0.942143202
Israel,ISR,2013,2.840133905
Israel,ISR,2014,2.145087719
Israel,ISR,2015,0.273166448
Israel,ISR,2016,2.434861183
Israel,ISR,2017,2.3729496
Israel,ISR,2018,1.999231458
Japan,JPN,1961,11.0440731
Japan,JPN,1962,7.901714325
Japan,JPN,1963,7.379857063
Japan,JPN,1964,10.52079201
Japan,JPN,1965,4.686450005
Japan,JPN,1966,9.632359505
Japan,JPN,1967,9.93883419
Japan,JPN,1968,11.61742783
Japan,JPN,1969,11.1486578
Japan,JPN,1970,1.339144707
Japan,JPN,1971,2.426652431
Japan,JPN,1972,6.905499935
Japan,JPN,1973,6.523023605
Japan,JPN,1974,-2.529839277
Japan,JPN,1975,1.787835598
Japan,JPN,1976,2.866778135
Japan,JPN,1977,3.384680748
Japan,JPN,1978,4.31828022
Japan,JPN,1979,4.594768524
Japan,JPN,1980,2.010415792
Japan,JPN,1981,3.452970505
Japan,JPN,1982,2.598303318
Japan,JPN,1983,2.805454493
Japan,JPN,1984,3.826682329
Japan,JPN,1985,4.576744556
Japan,JPN,1986,2.777920723
Japan,JPN,1987,4.227041721
Japan,JPN,1988,6.341599941
Japan,JPN,1989,4.439692497
Japan,JPN,1990,4.545273781
Japan,JPN,1991,3.012049198
Japan,JPN,1992,0.47442314
Japan,JPN,1993,-0.839886367
Japan,JPN,1994,0.711494684
Japan,JPN,1995,2.390519619
Japan,JPN,1996,2.900141239
Japan,JPN,1997,0.740905941
Japan,JPN,1998,-1.538244128
Japan,JPN,1999,-0.515740573
Japan,JPN,2000,2.592890978
Japan,JPN,2001,0.144511685
Japan,JPN,2002,-0.190392017
Japan,JPN,2003,1.318091989
Japan,JPN,2004,2.151723385
Japan,JPN,2005,1.794339776
Japan,JPN,2006,1.308127165
Japan,JPN,2007,1.367422342
Japan,JPN,2008,-1.272109985
Japan,JPN,2009,-5.681452274
Japan,JPN,2010,4.079223156
Japan,JPN,2011,0.209251806
Japan,JPN,2012,1.536786675
Japan,JPN,2013,2.152371168
Japan,JPN,2014,0.429381132
Japan,JPN,2015,1.668465137
Japan,JPN,2016,0.870046973
Japan,JPN,2017,1.842709064
Japan,JPN,2018,0.762860894
Kenya,KEN,1961,-10.61053085
Kenya,KEN,1962,6.048333168
Kenya,KEN,1963,5.348655701
Kenya,KEN,1964,1.616349697
Kenya,KEN,1965,-1.282018304
Kenya,KEN,1966,10.98687077
Kenya,KEN,1967,-0.048135582
Kenya,KEN,1968,4.372082233
Kenya,KEN,1969,4.290540695
Kenya,KEN,1970,-7.951742649
Kenya,KEN,1971,17.88012123
Kenya,KEN,1972,12.90828037
Kenya,KEN,1973,2.07505703
Kenya,KEN,1974,0.273436844
Kenya,KEN,1975,-2.822563171
Kenya,KEN,1976,-1.617024779
Kenya,KEN,1977,5.396604061
Kenya,KEN,1978,2.929345369
Kenya,KEN,1979,3.579834938
Kenya,KEN,1980,1.607920647
Kenya,KEN,1981,-0.159146711
Kenya,KEN,1982,-2.342043638
Kenya,KEN,1983,-2.5133605
Kenya,KEN,1984,-2.042815208
Kenya,KEN,1985,0.46650669
Kenya,KEN,1986,3.303209066
Kenya,KEN,1987,2.173932076
Kenya,KEN,1988,2.504313231
Kenya,KEN,1989,1.123527765
Kenya,KEN,1990,0.724837363
Kenya,KEN,1991,-1.859161854
Kenya,KEN,1992,-3.950139999
Kenya,KEN,1993,-2.757422686
Kenya,KEN,1994,-0.468194246
Kenya,KEN,1995,1.331405878
Kenya,KEN,1996,1.155487657
Kenya,KEN,1997,-2.347158432
Kenya,KEN,1998,0.439695656
Kenya,KEN,1999,-0.485175878
Kenya,KEN,2000,-2.125154257
Kenya,KEN,2001,0.987009108
Kenya,KEN,2002,-2.14371562
Kenya,KEN,2003,0.180879191
Kenya,KEN,2004,2.283195972
Kenya,KEN,2005,3.044994831
Kenya,KEN,2006,3.576193094
Kenya,KEN,2007,3.933089256
Kenya,KEN,2008,-2.50337553
Kenya,KEN,2009,0.503848195
Kenya,KEN,2010,5.156172752
Kenya,KEN,2011,2.327212095
Kenya,KEN,2012,1.820962191
Kenya,KEN,2013,1.11507225
Kenya,KEN,2014,2.366328239
Kenya,KEN,2015,2.384487152
Kenya,KEN,2016,1.720986009
Kenya,KEN,2017,1.397716641
Kenya,KEN,2018,3.22142911
Laos,LAO,1985,2.176065445
Laos,LAO,1986,1.946213007
Laos,LAO,1987,-4.235621452
Laos,LAO,1988,-4.819816589
Laos,LAO,1989,10.93424702
Laos,LAO,1990,3.707108021
Laos,LAO,1991,1.420451999
Laos,LAO,1992,2.719061613
Laos,LAO,1993,3.170718908
Laos,LAO,1994,5.512251377
Laos,LAO,1995,4.587842941
Laos,LAO,1996,4.666911602
Laos,LAO,1997,4.77458477
Laos,LAO,1998,2.06203413
Laos,LAO,1999,5.446560383
Laos,LAO,2000,4.042749882
Laos,LAO,2001,4.072494984
Laos,LAO,2002,4.305584908
Laos,LAO,2003,4.480877876
Laos,LAO,2004,4.750571251
Laos,LAO,2005,5.441348076
Laos,LAO,2006,6.865327358
Laos,LAO,2007,5.807303905
Laos,LAO,2008,6.011721611
Laos,LAO,2009,5.718575954
Laos,LAO,2010,6.780744076
Laos,LAO,2011,6.363904476
Laos,LAO,2012,6.400760651
Laos,LAO,2013,6.428110123
Laos,LAO,2014,6.016186237
Laos,LAO,2015,5.656565666
Laos,LAO,2016,5.386222839
Laos,LAO,2017,5.244751453
Laos,LAO,2018,4.615955353
Lesotho,LSO,1961,-0.001728402
Lesotho,LSO,1962,13.17680359
Lesotho,LSO,1963,8.50166893
Lesotho,LSO,1964,6.131508827
Lesotho,LSO,1965,0.09951999
Lesotho,LSO,1966,-2.466681004
Lesotho,LSO,1967,8.551425934
Lesotho,LSO,1968,-2.535036087
Lesotho,LSO,1969,-0.696398079
Lesotho,LSO,1970,-0.108812228
Lesotho,LSO,1971,2.748152494
Lesotho,LSO,1972,-2.471144438
Lesotho,LSO,1973,23.44981575
Lesotho,LSO,1974,8.256319046
Lesotho,LSO,1975,-15.76068115
Lesotho,LSO,1976,8.004556656
Lesotho,LSO,1977,18.33777618
Lesotho,LSO,1978,14.88635159
Lesotho,LSO,1979,-0.064853057
Lesotho,LSO,1980,-5.472335815
Lesotho,LSO,1981,-2.049636602
Lesotho,LSO,1982,1.685626149
Lesotho,LSO,1983,-0.636979282
Lesotho,LSO,1984,2.916653872
Lesotho,LSO,1985,0.159717038
Lesotho,LSO,1986,2.301491022
Lesotho,LSO,1987,-1.460285783
Lesotho,LSO,1988,6.298163414
Lesotho,LSO,1989,3.537159681
Lesotho,LSO,1990,3.730501652
Lesotho,LSO,1991,4.586255074
Lesotho,LSO,1992,4.570933819
Lesotho,LSO,1993,1.240289092
Lesotho,LSO,1994,3.754397392
Lesotho,LSO,1995,1.263037086
Lesotho,LSO,1996,3.648318768
Lesotho,LSO,1997,1.924671888
Lesotho,LSO,1998,0.039643746
Lesotho,LSO,1999,-0.628760874
Lesotho,LSO,2000,3.207521677
Lesotho,LSO,2001,3.412375212
Lesotho,LSO,2002,1.016902089
Lesotho,LSO,2003,5.154336452
Lesotho,LSO,2004,2.321097136
Lesotho,LSO,2005,3.976063013
Lesotho,LSO,2006,4.553899765
Lesotho,LSO,2007,4.345591545
Lesotho,LSO,2008,5.511195183
Lesotho,LSO,2009,-1.404613614
Lesotho,LSO,2010,4.97932148
Lesotho,LSO,2011,4.185205936
Lesotho,LSO,2012,5.744040012
Lesotho,LSO,2013,1.113087535
Lesotho,LSO,2014,0.967916191
Lesotho,LSO,2015,2.348069906
Lesotho,LSO,2016,2.788129091
Lesotho,LSO,2017,-3.905641794
Lesotho,LSO,2018,-2.009996891
Malawi,MWI,1961,5.11852026
Malawi,MWI,1962,-1.725436211
Malawi,MWI,1963,-3.769049406
Malawi,MWI,1964,0.154636681
Malawi,MWI,1965,10.81075001
Malawi,MWI,1966,10.41900539
Malawi,MWI,1967,4.568326473
Malawi,MWI,1968,-4.426855087
Malawi,MWI,1969,3.161009073
Malawi,MWI,1970,-2.117946863
Malawi,MWI,1971,13.20283508
Malawi,MWI,1972,3.457731962
Malawi,MWI,1973,-0.407047123
Malawi,MWI,1974,4.274862766
Malawi,MWI,1975,3.137085676
Malawi,MWI,1976,1.952208877
Malawi,MWI,1977,1.756501555
Malawi,MWI,1978,6.415418625
Malawi,MWI,1979,1.326876879
Malawi,MWI,1980,-2.403628111
Malawi,MWI,1981,-7.682036877
Malawi,MWI,1982,0.105482601
Malawi,MWI,1983,1.072004914
Malawi,MWI,1984,1.930964708
Malawi,MWI,1985,0.202155754
Malawi,MWI,1986,-5.396691799
Malawi,MWI,1987,-4.301029205
Malawi,MWI,1988,-2.742698669
Malawi,MWI,1989,-3.556200266
Malawi,MWI,1990,1.995609283
Malawi,MWI,1991,6.511969566
Malawi,MWI,1992,-8.152049065
Malawi,MWI,1993,9.416648865
Malawi,MWI,1994,-10.56585407
Malawi,MWI,1995,15.55822372
Malawi,MWI,1996,5.406878471
Malawi,MWI,1997,1.344220161
Malawi,MWI,1998,1.065214634
Malawi,MWI,1999,0.175521553
Malawi,MWI,2000,-1.106432319
Malawi,MWI,2001,-7.329393387
Malawi,MWI,2002,-0.745437026
Malawi,MWI,2003,3.181779623
Malawi,MWI,2004,2.83547616
Malawi,MWI,2005,0.617777884
Malawi,MWI,2006,1.893652439
Malawi,MWI,2007,6.576016903
Malawi,MWI,2008,4.612417698
Malawi,MWI,2009,5.259088993
Malawi,MWI,2010,3.849698067
Malawi,MWI,2011,1.893125296
Malawi,MWI,2012,-0.98555696
Malawi,MWI,2013,2.25588131
Malawi,MWI,2014,2.778323174
Malawi,MWI,2015,0.002104471
Malawi,MWI,2016,-0.255665064
Malawi,MWI,2017,1.263570666
Malawi,MWI,2018,1.670033693
Malaysia,MYS,1961,4.255725861
Malaysia,MYS,1962,3.060106516
Malaysia,MYS,1963,3.972229004
Malaysia,MYS,1964,2.170627594
Malaysia,MYS,1965,4.602007866
Malaysia,MYS,1966,4.914549828
Malaysia,MYS,1967,1.208201885
Malaysia,MYS,1968,5.339229584
Malaysia,MYS,1969,2.388841867
Malaysia,MYS,1970,3.48762536
Malaysia,MYS,1971,7.465399265
Malaysia,MYS,1972,6.859135628
Malaysia,MYS,1973,9.115283966
Malaysia,MYS,1974,5.777798653
Malaysia,MYS,1975,-1.61148119
Malaysia,MYS,1976,8.821092606
Malaysia,MYS,1977,5.043501854
Malaysia,MYS,1978,3.951384783
Malaysia,MYS,1979,6.609676361
Malaysia,MYS,1980,4.809457779
Malaysia,MYS,1981,4.400094986
Malaysia,MYS,1982,3.474854946
Malaysia,MYS,1983,3.755601645
Malaysia,MYS,1984,5.116954327
Malaysia,MYS,1985,-3.605268478
Malaysia,MYS,1986,-1.566296935
Malaysia,MYS,1987,2.146905899
Malaysia,MYS,1988,6.705515862
Malaysia,MYS,1989,5.90837574
Malaysia,MYS,1990,5.980303764
Malaysia,MYS,1991,6.64642477
Malaysia,MYS,1992,6.119141102
Malaysia,MYS,1993,7.175101757
Malaysia,MYS,1994,6.519082546
Malaysia,MYS,1995,7.094583988
Malaysia,MYS,1996,7.228691101
Malaysia,MYS,1997,4.609305859
Malaysia,MYS,1998,-9.67120266
Malaysia,MYS,1999,3.577312231
Malaysia,MYS,2000,6.357501984
Malaysia,MYS,2001,-1.665148973
Malaysia,MYS,2002,3.217395306
Malaysia,MYS,2003,3.68791914
Malaysia,MYS,2004,4.698581696
Malaysia,MYS,2005,3.282258272
Malaysia,MYS,2006,3.52432704
Malaysia,MYS,2007,4.236438751
Malaysia,MYS,2008,2.847079515
Malaysia,MYS,2009,-3.28559041
Malaysia,MYS,2010,5.623556137
Malaysia,MYS,2011,3.66610527
Malaysia,MYS,2012,3.959552765
Malaysia,MYS,2013,3.270041943
Malaysia,MYS,2014,4.595210075
Malaysia,MYS,2015,3.687721729
Malaysia,MYS,2016,3.041601181
Malaysia,MYS,2017,4.383944035
Malaysia,MYS,2018,3.435158968
Mauritius,MUS,1977,4.827831268
Mauritius,MUS,1978,2.482728243
Mauritius,MUS,1979,1.730491638
Mauritius,MUS,1980,-11.56492519
Mauritius,MUS,1981,4.324779987
Mauritius,MUS,1982,4.215300083
Mauritius,MUS,1983,-0.535170138
Mauritius,MUS,1984,3.609222412
Mauritius,MUS,1985,6.083876133
Mauritius,MUS,1986,8.906236649
Mauritius,MUS,1987,8.07946682
Mauritius,MUS,1988,6.058719158
Mauritius,MUS,1989,3.66809082
Mauritius,MUS,1990,6.425943851
Mauritius,MUS,1991,3.314166307
Mauritius,MUS,1992,5.120444298
Mauritius,MUS,1993,3.84362793
Mauritius,MUS,1994,2.688328505
Mauritius,MUS,1995,3.394776344
Mauritius,MUS,1996,4.513432503
Mauritius,MUS,1997,4.372416973
Mauritius,MUS,1998,4.962519646
Mauritius,MUS,1999,1.314748645
Mauritius,MUS,2000,7.144715786
Mauritius,MUS,2001,2.534262896
Mauritius,MUS,2002,0.911910176
Mauritius,MUS,2003,5.161670685
Mauritius,MUS,2004,3.677809238
Mauritius,MUS,2005,1.176699162
Mauritius,MUS,2006,4.377586842
Mauritius,MUS,2007,5.246497154
Mauritius,MUS,2008,5.006538868
Mauritius,MUS,2009,3.041100502
Mauritius,MUS,2010,4.129199028
Mauritius,MUS,2011,3.911001205
Mauritius,MUS,2012,3.209499359
Mauritius,MUS,2013,3.132852077
Mauritius,MUS,2014,3.556904316
Mauritius,MUS,2015,3.41602397
Mauritius,MUS,2016,3.766596556
Mauritius,MUS,2017,3.720567703
Mauritius,MUS,2018,3.703094482
Mexico,MEX,1961,1.782077193
Mexico,MEX,1962,1.463526487
Mexico,MEX,1963,4.803232193
Mexico,MEX,1964,8.48141098
Mexico,MEX,1965,3.81643939
Mexico,MEX,1966,2.842654705
Mexico,MEX,1967,2.61666131
Mexico,MEX,1968,6.089059353
Mexico,MEX,1969,0.285108149
Mexico,MEX,1970,3.300211906
Mexico,MEX,1971,0.668146253
Mexico,MEX,1972,5.03561306
Mexico,MEX,1973,4.73130703
Mexico,MEX,1974,2.779618263
Mexico,MEX,1975,2.833112001
Mexico,MEX,1976,1.631074548
Mexico,MEX,1977,0.713827968
Mexico,MEX,1978,6.211745739
Mexico,MEX,1979,6.995633602
Mexico,MEX,1980,6.593621254
Mexico,MEX,1981,5.951524258
Mexico,MEX,1982,-2.832178116
Mexico,MEX,1983,-5.677485466
Mexico,MEX,1984,1.12525177
Mexico,MEX,1985,-0.005590175
Mexico,MEX,1986,-5.096858501
Mexico,MEX,1987,-0.333810896
Mexico,MEX,1988,-0.708391249
Mexico,MEX,1989,2.108299494
Mexico,MEX,1990,3.203382969
Mexico,MEX,1991,2.302012682
Mexico,MEX,1992,1.683114767
Mexico,MEX,1993,0.157923162
Mexico,MEX,1994,3.159064293
Mexico,MEX,1995,-7.831751347
Mexico,MEX,1996,5.072449207
Mexico,MEX,1997,5.193558216
Mexico,MEX,1998,3.581583023
Mexico,MEX,1999,1.24783802
Mexico,MEX,2000,3.440976381
Mexico,MEX,2001,-1.792902589
Mexico,MEX,2002,-1.402939081
Mexico,MEX,2003,0.072268218
Mexico,MEX,2004,2.494831085
Mexico,MEX,2005,0.869521558
Mexico,MEX,2006,2.984432459
Mexico,MEX,2007,0.782569051
Mexico,MEX,2008,-0.357632965
Mexico,MEX,2009,-6.674165249
Mexico,MEX,2010,3.617190361
Mexico,MEX,2011,2.227163553
Mexico,MEX,2012,2.247139931
Mexico,MEX,2013,0.029452795
Mexico,MEX,2014,1.544035077
Mexico,MEX,2015,2.01903677
Mexico,MEX,2016,1.40302062
Mexico,MEX,2017,0.931456566
Mexico,MEX,2018,1.050314188
Morocco,MAR,1967,7.35324955
Morocco,MAR,1968,7.321886539
Morocco,MAR,1969,5.920666218
Morocco,MAR,1970,2.43169117
Morocco,MAR,1971,3.375054121
Morocco,MAR,1972,0.341424674
Morocco,MAR,1973,1.450748205
Morocco,MAR,1974,3.394963741
Morocco,MAR,1975,5.224409103
Morocco,MAR,1976,8.307863235
Morocco,MAR,1977,3.584474325
Morocco,MAR,1978,-0.207763046
Morocco,MAR,1979,2.263494492
Morocco,MAR,1980,1.134991646
Morocco,MAR,1981,-4.12312603
Morocco,MAR,1982,6.323531151
Morocco,MAR,1983,-1.027421951
Morocco,MAR,1984,3.962213039
Morocco,MAR,1985,3.663208961
Morocco,MAR,1986,6.972373486
Morocco,MAR,1987,-2.322328329
Morocco,MAR,1988,9.723644257
Morocco,MAR,1989,0.922947168
Morocco,MAR,1990,1.514947653
Morocco,MAR,1991,5.280508041
Morocco,MAR,1992,-3.827398777
Morocco,MAR,1993,-2.438117027
Morocco,MAR,1994,8.786088943
Morocco,MAR,1995,-6.857030392
Morocco,MAR,1996,10.75648308
Morocco,MAR,1997,-2.894788504
Morocco,MAR,1998,5.855830193
Morocco,MAR,1999,-0.178994894
Morocco,MAR,2000,0.667221665
Morocco,MAR,2001,6.026203632
Morocco,MAR,2002,1.89366138
Morocco,MAR,2003,4.710760593
Morocco,MAR,2004,3.568440437
Morocco,MAR,2005,2.084364653
Morocco,MAR,2006,6.321998596
Morocco,MAR,2007,2.324166298
Morocco,MAR,2008,4.667118549
Morocco,MAR,2009,2.964337111
Morocco,MAR,2010,2.485683441
Morocco,MAR,2011,3.835245132
Morocco,MAR,2012,1.580555081
Morocco,MAR,2013,3.060307503
Morocco,MAR,2014,1.229529023
Morocco,MAR,2015,3.103111506
Morocco,MAR,2016,-0.286660314
Morocco,MAR,2017,2.901844978
Morocco,MAR,2018,1.844617009
Mozambique,MOZ,1981,2.506647348
Mozambique,MOZ,1982,-9.01354599
Mozambique,MOZ,1983,-17.39386749
Mozambique,MOZ,1984,-7.952854633
Mozambique,MOZ,1985,-0.014918183
Mozambique,MOZ,1986,-2.636995792
Mozambique,MOZ,1987,14.89926243
Mozambique,MOZ,1988,8.440429688
Mozambique,MOZ,1989,6.101255894
Mozambique,MOZ,1990,-0.410273492
Mozambique,MOZ,1991,2.242985249
Mozambique,MOZ,1992,-9.374720573
Mozambique,MOZ,1993,6.250678539
Mozambique,MOZ,1994,2.420457125
Mozambique,MOZ,1995,-1.2751652
Mozambique,MOZ,1996,7.877907753
Mozambique,MOZ,1997,8.336624146
Mozambique,MOZ,1998,7.206361771
Mozambique,MOZ,1999,8.911724091
Mozambique,MOZ,2000,-1.491739869
Mozambique,MOZ,2001,8.95000267
Mozambique,MOZ,2002,6.132661819
Mozambique,MOZ,2003,3.743957281
Mozambique,MOZ,2004,4.775742054
Mozambique,MOZ,2005,3.610136986
Mozambique,MOZ,2006,6.644069195
Mozambique,MOZ,2007,4.781122208
Mozambique,MOZ,2008,4.411461353
Mozambique,MOZ,2009,3.447770119
Mozambique,MOZ,2010,3.620015621
Mozambique,MOZ,2011,4.504366875
Mozambique,MOZ,2012,4.345719337
Mozambique,MOZ,2013,4.042368889
Mozambique,MOZ,2014,4.434554577
Mozambique,MOZ,2015,3.74042201
Mozambique,MOZ,2016,0.884713233
Mozambique,MOZ,2017,0.775346458
Mozambique,MOZ,2018,0.473340213
Myanmar,MMR,1962,0.093214735
Myanmar,MMR,1963,6.462893009
Myanmar,MMR,1964,0.866604388
Myanmar,MMR,1965,-0.13287352
Myanmar,MMR,1966,0.194204777
Myanmar,MMR,1967,-7.557823181
Myanmar,MMR,1968,0.401266217
Myanmar,MMR,1969,4.923221588
Myanmar,MMR,1970,1.730765104
Myanmar,MMR,1971,2.129811525
Myanmar,MMR,1972,0.893428028
Myanmar,MMR,1973,-1.58786273
Myanmar,MMR,1974,-0.151454791
Myanmar,MMR,1975,2.362339497
Myanmar,MMR,1976,2.775022745
Myanmar,MMR,1977,3.65627265
Myanmar,MMR,1978,3.900809765
Myanmar,MMR,1979,3.522886753
Myanmar,MMR,1980,4.290495872
Myanmar,MMR,1981,4.813444138
Myanmar,MMR,1982,3.720993996
Myanmar,MMR,1983,2.801664114
Myanmar,MMR,1984,2.560615301
Myanmar,MMR,1985,1.85507226
Myanmar,MMR,1986,-1.0109936
Myanmar,MMR,1987,-4.269788265
Myanmar,MMR,1988,-9.174340248
Myanmar,MMR,1989,-5.798936367
Myanmar,MMR,1990,1.740087509
Myanmar,MMR,1991,-0.279856056
Myanmar,MMR,1992,3.227886915
Myanmar,MMR,1993,6.539805412
Myanmar,MMR,1994,5.565289021
Myanmar,MMR,1995,5.938117504
Myanmar,MMR,1996,5.365428448
Myanmar,MMR,1997,4.680686951
Myanmar,MMR,1998,4.407693386
Myanmar,MMR,1999,7.13946104
Myanmar,MMR,2000,11.12214279
Myanmar,MMR,2001,11.26405811
Myanmar,MMR,2002,10.58596325
Myanmar,MMR,2003,11.93799496
Myanmar,MMR,2004,12.72235966
Myanmar,MMR,2005,12.6726923
Myanmar,MMR,2006,12.49990749
Myanmar,MMR,2007,11.77401638
Myanmar,MMR,2008,10.38872337
Myanmar,MMR,2009,9.705151558
Myanmar,MMR,2010,9.306946754
Myanmar,MMR,2011,6.69814682
Myanmar,MMR,2012,5.60946703
Myanmar,MMR,2013,6.98566103
Myanmar,MMR,2014,7.313152313
Myanmar,MMR,2015,2.493284702
Myanmar,MMR,2016,9.748478889
Myanmar,MMR,2017,5.081834316
Myanmar,MMR,2018,5.759520054
Namibia,NAM,1981,-1.197085738
Namibia,NAM,1982,-2.576059818
Namibia,NAM,1983,-4.124338627
Namibia,NAM,1984,-2.868384838
Namibia,NAM,1985,-2.543257952
Namibia,NAM,1986,1.237576365
Namibia,NAM,1987,-0.218294039
Namibia,NAM,1988,-2.93932724
Namibia,NAM,1989,-1.776607275
Namibia,NAM,1990,-1.291785359
Namibia,NAM,1991,4.978666306
Namibia,NAM,1992,4.323895931
Namibia,NAM,1993,-3.993821383
Namibia,NAM,1994,-0.617321134
Namibia,NAM,1995,1.59875083
Namibia,NAM,1996,0.988259017
Namibia,NAM,1997,2.093322277
Namibia,NAM,1998,1.286996245
Namibia,NAM,1999,1.480706453
Namibia,NAM,2000,1.720469952
Namibia,NAM,2001,-0.435646027
Namibia,NAM,2002,3.212347984
Namibia,NAM,2003,2.709075928
Namibia,NAM,2004,10.58503723
Namibia,NAM,2005,0.91175431
Namibia,NAM,2006,5.28065443
Namibia,NAM,2007,3.525588512
Namibia,NAM,2008,0.797839224
Namibia,NAM,2009,-1.518913507
Namibia,NAM,2010,4.145646095
Namibia,NAM,2011,3.248400688
Namibia,NAM,2012,3.238880157
Namibia,NAM,2013,3.783360004
Namibia,NAM,2014,4.229598045
Namibia,NAM,2015,2.396121979
Namibia,NAM,2016,-1.796433449
Namibia,NAM,2017,-2.863621473
Namibia,NAM,2018,-0.825493395
Nepal,NPL,1961,0.298340768
Nepal,NPL,1962,0.289946318
Nepal,NPL,1963,0.247503296
Nepal,NPL,1964,5.744176388
Nepal,NPL,1965,-2.904474258
Nepal,NPL,1966,5.128163338
Nepal,NPL,1967,-3.391129017
Nepal,NPL,1968,-1.241528273
Nepal,NPL,1969,2.426736355
Nepal,NPL,1970,0.537398219
Nepal,NPL,1971,-3.194535732
Nepal,NPL,1972,0.994022131
Nepal,NPL,1973,-2.560076237
Nepal,NPL,1974,4.073874474
Nepal,NPL,1975,-0.729145825
Nepal,NPL,1976,2.122536659
Nepal,NPL,1977,0.747359931
Nepal,NPL,1978,2.083567142
Nepal,NPL,1979,0.072217859
Nepal,NPL,1980,-4.527659893
Nepal,NPL,1981,5.868617535
Nepal,NPL,1982,1.389644384
Nepal,NPL,1983,-5.214214325
Nepal,NPL,1984,7.172557354
Nepal,NPL,1985,3.747106552
Nepal,NPL,1986,2.252534866
Nepal,NPL,1987,-0.52032721
Nepal,NPL,1988,5.323884964
Nepal,NPL,1989,1.929893374
Nepal,NPL,1990,2.086561203
Nepal,NPL,1991,3.627338648
Nepal,NPL,1992,1.324349046
Nepal,NPL,1993,1.053903222
Nepal,NPL,1994,5.382520676
Nepal,NPL,1995,0.9020105
Nepal,NPL,1996,2.876172066
Nepal,NPL,1997,2.748915434
Nepal,NPL,1998,0.902692437
Nepal,NPL,1999,2.404722691
Nepal,NPL,2000,4.287565231
Nepal,NPL,2001,3.052242517
Nepal,NPL,2002,-1.412545085
Nepal,NPL,2003,2.472721338
Nepal,NPL,2004,3.288760424
Nepal,NPL,2005,2.172199011
Nepal,NPL,2006,2.087017298
Nepal,NPL,2007,2.173334122
Nepal,NPL,2008,4.974640846
Nepal,NPL,2009,3.689497232
Nepal,NPL,2010,4.313246727
Nepal,NPL,2011,3.314689636
Nepal,NPL,2012,4.639947414
Nepal,NPL,2013,3.803477526
Nepal,NPL,2014,6.054086685
Nepal,NPL,2015,3.556335449
Nepal,NPL,2016,-0.481931984
Nepal,NPL,2017,7.521029949
Nepal,NPL,2018,5.848711014
Nigeria,NGA,1961,-1.820389628
Nigeria,NGA,1962,1.964151502
Nigeria,NGA,1963,6.311076164
Nigeria,NGA,1964,2.739196062
Nigeria,NGA,1965,2.664666653
Nigeria,NGA,1966,-6.288307667
Nigeria,NGA,1967,-17.55337524
Nigeria,NGA,1968,-3.396596193
Nigeria,NGA,1969,21.44901848
Nigeria,NGA,1970,22.18227768
Nigeria,NGA,1971,11.61601925
Nigeria,NGA,1972,0.952506721
Nigeria,NGA,1973,2.852725267
Nigeria,NGA,1974,8.344489098
Nigeria,NGA,1975,-7.765686512
Nigeria,NGA,1976,5.954237938
Nigeria,NGA,1977,2.897569895
Nigeria,NGA,1978,-8.578477859
Nigeria,NGA,1979,3.633856297
Nigeria,NGA,1980,1.277667999
Nigeria,NGA,1981,-15.45035744
Nigeria,NGA,1982,-9.195106506
Nigeria,NGA,1983,-13.15314865
Nigeria,NGA,1984,-3.584936619
Nigeria,NGA,1985,3.23357892
Nigeria,NGA,1986,-2.509948492
Nigeria,NGA,1987,0.525848567
Nigeria,NGA,1988,4.546936512
Nigeria,NGA,1989,-0.708853126
Nigeria,NGA,1990,8.930686951
Nigeria,NGA,1991,-2.164464951
Nigeria,NGA,1992,2.025824547
Nigeria,NGA,1993,-4.45707798
Nigeria,NGA,1994,-4.232818127
Nigeria,NGA,1995,-2.530052185
Nigeria,NGA,1996,1.634593964
Nigeria,NGA,1997,0.40682596
Nigeria,NGA,1998,0.05719452
Nigeria,NGA,1999,-1.895720243
Nigeria,NGA,2000,2.41913271
Nigeria,NGA,2001,3.290570736
Nigeria,NGA,2002,12.45746803
Nigeria,NGA,2003,4.657786369
Nigeria,NGA,2004,6.489603519
Nigeria,NGA,2005,3.721623898
Nigeria,NGA,2006,3.32621789
Nigeria,NGA,2007,3.822072268
Nigeria,NGA,2008,3.972510576
Nigeria,NGA,2009,5.197954178
Nigeria,NGA,2010,5.158545494
Nigeria,NGA,2011,2.525322199
Nigeria,NGA,2012,1.472851276
Nigeria,NGA,2013,3.853722572
Nigeria,NGA,2014,3.513976574
Nigeria,NGA,2015,-0.029282305
Nigeria,NGA,2016,-4.168388367
Nigeria,NGA,2017,-1.788817644
Nigeria,NGA,2018,-0.679724693
Pakistan,PAK,1961,3.510434628
Pakistan,PAK,1962,1.973313689
Pakistan,PAK,1963,6.01940012
Pakistan,PAK,1964,4.881295204
Pakistan,PAK,1965,7.621142864
Pakistan,PAK,1966,3.072928905
Pakistan,PAK,1967,2.659116983
Pakistan,PAK,1968,4.417450905
Pakistan,PAK,1969,2.72012949
Pakistan,PAK,1970,8.39656353
Pakistan,PAK,1971,-2.209939003
Pakistan,PAK,1972,-1.892442822
Pakistan,PAK,1973,4.150218487
Pakistan,PAK,1974,0.658256412
Pakistan,PAK,1975,1.231099606
Pakistan,PAK,1976,2.07419157
Pakistan,PAK,1977,0.836446941
Pakistan,PAK,1978,4.743355751
Pakistan,PAK,1979,0.512429655
Pakistan,PAK,1980,6.695185661
Pakistan,PAK,1981,4.407988071
Pakistan,PAK,1982,3.024439812
Pakistan,PAK,1983,3.246149302
Pakistan,PAK,1984,1.617226839
Pakistan,PAK,1985,4.116876125
Pakistan,PAK,1986,2.151109934
Pakistan,PAK,1987,3.126837015
Pakistan,PAK,1988,4.330544949
Pakistan,PAK,1989,1.823142886
Pakistan,PAK,1990,1.416426063
Pakistan,PAK,1991,2.092402458
Pakistan,PAK,1992,4.744065762
Pakistan,PAK,1993,-1.002064228
Pakistan,PAK,1994,0.913847208
Pakistan,PAK,1995,2.067481041
Pakistan,PAK,1996,1.905379176
Pakistan,PAK,1997,-1.843705297
Pakistan,PAK,1998,-0.328922272
Pakistan,PAK,1999,0.832499504
Pakistan,PAK,2000,1.536123395
Pakistan,PAK,2001,0.975939691
Pakistan,PAK,2002,0.060411006
Pakistan,PAK,2003,3.328596592
Pakistan,PAK,2004,5.09522295
Pakistan,PAK,2005,4.100530624
Pakistan,PAK,2006,3.498108387
Pakistan,PAK,2007,2.467958212
Pakistan,PAK,2008,-0.574300945
Pakistan,PAK,2009,0.560537636
Pakistan,PAK,2010,-0.601301432
Pakistan,PAK,2011,0.554048002
Pakistan,PAK,2012,1.32947576
Pakistan,PAK,2013,2.223673344
Pakistan,PAK,2014,2.507191658
Pakistan,PAK,2015,2.566467047
Pakistan,PAK,2016,3.347911596
Pakistan,PAK,2017,3.383928061
Pakistan,PAK,2018,3.681034565
Peru,PER,1961,4.350608349
Peru,PER,1962,6.935265064
Peru,PER,1963,1.37793839
Peru,PER,1964,3.542673588
Peru,PER,1965,2.663254023
Peru,PER,1966,5.234297276
Peru,PER,1967,0.992878497
Peru,PER,1968,-2.589342833
Peru,PER,1969,0.689144254
Peru,PER,1970,0.547966421
Peru,PER,1971,1.743962288
Peru,PER,1972,0.672027588
Peru,PER,1973,3.412801027
Peru,PER,1974,6.464330673
Peru,PER,1975,1.544130564
Peru,PER,1976,-1.20345366
Peru,PER,1977,-2.241733789
Peru,PER,1978,-5.123368263
Peru,PER,1979,1.475665092
Peru,PER,1980,3.321747303
Peru,PER,1981,2.982779503
Peru,PER,1982,-2.61081481
Peru,PER,1983,-12.51871681
Peru,PER,1984,1.201678991
Peru,PER,1985,-0.277751863
Peru,PER,1986,6.951273441
Peru,PER,1987,7.281987667
Peru,PER,1988,-11.41986942
Peru,PER,1989,-14.18120956
Peru,PER,1990,-6.950980186
Peru,PER,1991,0.172594026
Peru,PER,1992,-2.46518445
Peru,PER,1993,3.259422302
Peru,PER,1994,10.22115421
Peru,PER,1995,5.432115555
Peru,PER,1996,0.91084981
Peru,PER,1997,4.54615736
Peru,PER,1998,-2.127297163
Peru,PER,1999,-0.140575841
Peru,PER,2000,1.213143587
Peru,PER,2001,-0.656177998
Peru,PER,2002,4.279670715
Peru,PER,2003,3.132769346
Peru,PER,2004,4.000695229
Peru,PER,2005,5.362369061
Peru,PER,2006,6.626200676
Peru,PER,2007,7.633654118
Peru,PER,2008,8.25060463
Peru,PER,2009,0.287054628
Peru,PER,2010,7.455366135
Peru,PER,2011,5.467420578
Peru,PER,2012,5.267507076
Peru,PER,2013,4.902582645
Peru,PER,2014,1.305657506
Peru,PER,2015,1.963344455
Peru,PER,2016,2.422904968
Peru,PER,2017,0.829126298
Peru,PER,2018,2.197948456
Philippines,PHL,1961,2.22699213
Philippines,PHL,1962,1.424677014
Philippines,PHL,1963,3.56636405
Philippines,PHL,1964,0.137175977
Philippines,PHL,1965,2.102907181
Philippines,PHL,1966,1.313650727
Philippines,PHL,1967,2.145905256
Philippines,PHL,1968,2.01949048
Philippines,PHL,1969,1.706737757
Philippines,PHL,1970,0.746288598
Philippines,PHL,1971,2.39722991
Philippines,PHL,1972,2.445345879
Philippines,PHL,1973,5.717374802
Philippines,PHL,1974,0.506119967
Philippines,PHL,1975,2.535532475
Philippines,PHL,1976,5.803308964
Philippines,PHL,1977,2.701248646
Philippines,PHL,1978,2.355871201
Philippines,PHL,1979,2.750899792
Philippines,PHL,1980,2.361984491
Philippines,PHL,1981,0.627846658
Philippines,PHL,1982,0.89834851
Philippines,PHL,1983,-0.848925054
Philippines,PHL,1984,-9.534896851
Philippines,PHL,1985,-9.344614029
Philippines,PHL,1986,0.763950229
Philippines,PHL,1987,1.612628818
Philippines,PHL,1988,3.918284893
Philippines,PHL,1989,3.46377039
Philippines,PHL,1990,0.493911386
Philippines,PHL,1991,-2.883502722
Philippines,PHL,1992,-1.999893665
Philippines,PHL,1993,-0.232922852
Philippines,PHL,1994,1.944318652
Philippines,PHL,1995,2.22153306
Philippines,PHL,1996,3.462008238
Philippines,PHL,1997,2.839966297
Philippines,PHL,1998,-2.700576782
Philippines,PHL,1999,1.107021332
Philippines,PHL,2000,2.152993441
Philippines,PHL,2001,0.874873996
Philippines,PHL,2002,1.558965087
Philippines,PHL,2003,2.952691555
Philippines,PHL,2004,4.482676506
Philippines,PHL,2005,2.978370905
Philippines,PHL,2006,3.444174528
Philippines,PHL,2007,4.71214056
Philippines,PHL,2008,2.626703024
Philippines,PHL,2009,-0.211698994
Philippines,PHL,2010,5.561000824
Philippines,PHL,2011,2.115926743
Philippines,PHL,2012,5.090726852
Philippines,PHL,2013,4.959414959
Philippines,PHL,2014,4.611114025
Philippines,PHL,2015,4.681878567
Philippines,PHL,2016,5.546712399
Philippines,PHL,2017,5.396653175
Philippines,PHL,2018,4.867308617
Rwanda,RWA,1961,-6.300702095
Rwanda,RWA,1962,9.34254837
Rwanda,RWA,1963,-11.34443378
Rwanda,RWA,1964,-14.0927515
Rwanda,RWA,1965,4.652137756
Rwanda,RWA,1966,4.233944416
Rwanda,RWA,1967,3.814922094
Rwanda,RWA,1968,3.710997105
Rwanda,RWA,1969,7.552197456
Rwanda,RWA,1970,2.78207016
Rwanda,RWA,1971,-1.775553465
Rwanda,RWA,1972,-2.648723125
Rwanda,RWA,1973,0.435812205
Rwanda,RWA,1974,-1.589828491
Rwanda,RWA,1975,-5.099496841
Rwanda,RWA,1976,15.75456905
Rwanda,RWA,1977,-1.276376486
Rwanda,RWA,1978,5.579225063
Rwanda,RWA,1979,8.14136982
Rwanda,RWA,1980,5.262282848
Rwanda,RWA,1981,1.955405116
Rwanda,RWA,1982,-1.436778665
Rwanda,RWA,1983,2.513923645
Rwanda,RWA,1984,-7.677649975
Rwanda,RWA,1985,0.257862329
Rwanda,RWA,1986,0.613027453
Rwanda,RWA,1987,-4.982046604
Rwanda,RWA,1988,-0.045054074
Rwanda,RWA,1989,-2.629917145
Rwanda,RWA,1990,-2.558636189
Rwanda,RWA,1991,0.306112766
Rwanda,RWA,1992,11.90212154
Rwanda,RWA,1993,-1.676037073
Rwanda,RWA,1994,-47.50323868
Rwanda,RWA,1995,37.53546143
Rwanda,RWA,1996,9.434038162
Rwanda,RWA,1997,6.635855198
Rwanda,RWA,1998,0.370763838
Rwanda,RWA,1999,-3.138478279
Rwanda,RWA,2000,2.463829041
Rwanda,RWA,2001,4.564086914
Rwanda,RWA,2002,10.56060123
Rwanda,RWA,2003,0.648529291
Rwanda,RWA,2004,5.920775414
Rwanda,RWA,2005,7.401920319
Rwanda,RWA,2006,6.77373457
Rwanda,RWA,2007,4.959011078
Rwanda,RWA,2008,8.234459877
Rwanda,RWA,2009,3.443600416
Rwanda,RWA,2010,4.591582775
Rwanda,RWA,2011,5.294458866
Rwanda,RWA,2012,6.001737595
Rwanda,RWA,2013,2.183398485
Rwanda,RWA,2014,3.560878515
Rwanda,RWA,2015,6.123834133
Rwanda,RWA,2016,3.24843955
Rwanda,RWA,2017,1.267473102
Rwanda,RWA,2018,5.74614048
Senegal,SEN,1961,0.226676077
Senegal,SEN,1962,-2.834895849
Senegal,SEN,1963,-0.910624206
Senegal,SEN,1964,1.023336291
Senegal,SEN,1965,-1.491833091
Senegal,SEN,1966,-0.014629676
Senegal,SEN,1967,-4.012916088
Senegal,SEN,1968,3.259978533
Senegal,SEN,1969,-9.249391556
Senegal,SEN,1970,5.395482063
Senegal,SEN,1971,-3.099775553
Senegal,SEN,1972,3.19953537
Senegal,SEN,1973,-8.375596046
Senegal,SEN,1974,1.236654401
Senegal,SEN,1975,4.641968727
Senegal,SEN,1976,6.17391634
Senegal,SEN,1977,-5.014268875
Senegal,SEN,1978,-6.219573021
Senegal,SEN,1979,4.397322178
Senegal,SEN,1980,1.304085255
Senegal,SEN,1981,2.298366308
Senegal,SEN,1982,4.916268349
Senegal,SEN,1983,-8.433815956
Senegal,SEN,1984,0.82554239
Senegal,SEN,1985,0.362883061
Senegal,SEN,1986,0.045295671
Senegal,SEN,1987,3.086598873
Senegal,SEN,1988,-3.767995358
Senegal,SEN,1989,0.886150241
Senegal,SEN,1990,-3.684407711
Senegal,SEN,1991,-0.373928964
Senegal,SEN,1992,-1.654503107
Senegal,SEN,1993,-1.555617571
Senegal,SEN,1994,-2.815560579
Senegal,SEN,1995,2.688232422
Senegal,SEN,1996,-0.529322624
Senegal,SEN,1997,0.585338354
Senegal,SEN,1998,3.441265583
Senegal,SEN,1999,3.829245329
Senegal,SEN,2000,1.458931804
Senegal,SEN,2001,1.833327651
Senegal,SEN,2002,-2.340574741
Senegal,SEN,2003,3.01180768
Senegal,SEN,2004,2.043049812
Senegal,SEN,2005,1.676297784
Senegal,SEN,2006,-0.295754939
Senegal,SEN,2007,0.145326287
Senegal,SEN,2008,0.959376395
Senegal,SEN,2009,-8.20E-05
Senegal,SEN,2010,0.593291223
Senegal,SEN,2011,-1.43114686
Senegal,SEN,2012,1.145852208
Senegal,SEN,2013,-0.414523214
Senegal,SEN,2014,3.284135342
Senegal,SEN,2015,3.421501398
Senegal,SEN,2016,3.41182375
Senegal,SEN,2017,4.441187859
Senegal,SEN,2018,3.29534626
Singapore,SGP,1961,4.579753399
Singapore,SGP,1962,4.616620064
Singapore,SGP,1963,7.294203758
Singapore,SGP,1964,-5.555214405
Singapore,SGP,1965,5.2457304
Singapore,SGP,1966,7.474069595
Singapore,SGP,1967,10.05100727
Singapore,SGP,1968,11.58620071
Singapore,SGP,1969,12.1335001
Singapore,SGP,1970,12.18427753
Singapore,SGP,1971,10.37111187
Singapore,SGP,1972,11.23602867
Singapore,SGP,1973,8.554983139
Singapore,SGP,1974,4.366269112
Singapore,SGP,1975,2.474307299
Singapore,SGP,1976,5.998934269
Singapore,SGP,1977,5.382228374
Singapore,SGP,1978,6.481359005
Singapore,SGP,1979,8.179862976
Singapore,SGP,1980,8.72445488
Singapore,SGP,1981,5.614483833
Singapore,SGP,1982,2.503484011
Singapore,SGP,1983,7.153868198
Singapore,SGP,1984,6.755282402
Singapore,SGP,1985,-0.758552551
Singapore,SGP,1986,1.438673854
Singapore,SGP,1987,9.144021988
Singapore,SGP,1988,8.475655556
Singapore,SGP,1989,6.971645355
Singapore,SGP,1990,5.631991863
Singapore,SGP,1991,3.6954844
Singapore,SGP,1992,3.483605623
Singapore,SGP,1993,8.678350449
Singapore,SGP,1994,7.667056561
Singapore,SGP,1995,3.993310928
Singapore,SGP,1996,3.190974236
Singapore,SGP,1997,4.743511677
Singapore,SGP,1998,-5.462203979
Singapore,SGP,1999,4.882483482
Singapore,SGP,2000,7.166804314
Singapore,SGP,2001,-3.701868296
Singapore,SGP,2002,2.970558167
Singapore,SGP,2003,6.088614464
Singapore,SGP,2004,8.45331192
Singapore,SGP,2005,4.864974022
Singapore,SGP,2006,5.646770954
Singapore,SGP,2007,4.573574543
Singapore,SGP,2008,-3.410977364
Singapore,SGP,2009,-2.853535414
Singapore,SGP,2010,12.51430702
Singapore,SGP,2011,4.143781662
Singapore,SGP,2012,1.92994082
Singapore,SGP,2013,3.153330803
Singapore,SGP,2014,2.597153902
Singapore,SGP,2015,1.773907781
Singapore,SGP,2016,1.997065663
Singapore,SGP,2017,4.427820206
Singapore,SGP,2018,3.012477398
South Africa,ZAF,1961,1.328133464
South Africa,ZAF,1962,3.570381165
South Africa,ZAF,1963,4.707659721
South Africa,ZAF,1964,5.23706913
South Africa,ZAF,1965,3.44826436
South Africa,ZAF,1966,1.794716477
South Africa,ZAF,1967,4.472366333
South Africa,ZAF,1968,1.491269231
South Africa,ZAF,1969,2.01742959
South Africa,ZAF,1970,2.512715816
South Africa,ZAF,1971,1.539260626
South Africa,ZAF,1972,-1.035996914
South Africa,ZAF,1973,1.810127616
South Africa,ZAF,1974,3.347482443
South Africa,ZAF,1975,-0.898459017
South Africa,ZAF,1976,-0.289657682
South Africa,ZAF,1977,-2.523785114
South Africa,ZAF,1978,0.516707778
South Africa,ZAF,1979,1.22305882
South Africa,ZAF,1980,3.897099257
South Africa,ZAF,1981,2.572280645
South Africa,ZAF,1982,-3.083912373
South Africa,ZAF,1983,-4.517216682
South Africa,ZAF,1984,2.300706625
South Africa,ZAF,1985,-3.742612362
South Africa,ZAF,1986,-2.421939611
South Africa,ZAF,1987,-0.286052942
South Africa,ZAF,1988,1.815827847
South Africa,ZAF,1989,0.031839397
South Africa,ZAF,1990,-2.675592422
South Africa,ZAF,1991,-3.428395987
South Africa,ZAF,1992,-4.550337791
South Africa,ZAF,1993,-1.221455455
South Africa,ZAF,1994,0.833183646
South Africa,ZAF,1995,0.931045771
South Africa,ZAF,1996,2.311715126
South Africa,ZAF,1997,0.818418264
South Africa,ZAF,1998,-1.098536849
South Africa,ZAF,1999,0.884291887
South Africa,ZAF,2000,2.742094517
South Africa,ZAF,2001,1.339811683
South Africa,ZAF,2002,2.397930145
South Africa,ZAF,2003,1.696808219
South Africa,ZAF,2004,3.289055109
South Africa,ZAF,2005,3.9820261
South Africa,ZAF,2006,4.277768135
South Africa,ZAF,2007,4.008494377
South Africa,ZAF,2008,1.823497176
South Africa,ZAF,2009,-2.898732662
South Africa,ZAF,2010,1.551072598
South Africa,ZAF,2011,1.60766542
South Africa,ZAF,2012,0.789721608
South Africa,ZAF,2013,0.854344189
South Africa,ZAF,2014,-0.179700598
South Africa,ZAF,2015,-0.218801185
South Africa,ZAF,2016,-0.80631125
South Africa,ZAF,2017,-0.265300661
South Africa,ZAF,2018,0.113021478
South Korea,KOR,1961,3.809554815
South Korea,KOR,1962,0.96664238
South Korea,KOR,1963,6.026425838
South Korea,KOR,1964,6.647769451
South Korea,KOR,1965,4.624622345
South Korea,KOR,1966,9.213102341
South Korea,KOR,1967,6.562089443
South Korea,KOR,1968,10.57015514
South Korea,KOR,1969,11.99747086
South Korea,KOR,1970,7.675052643
South Korea,KOR,1971,8.38764286
South Korea,KOR,1972,5.221768856
South Korea,KOR,1973,12.88444233
South Korea,KOR,1974,7.652190685
South Korea,KOR,1975,6.04123497
South Korea,KOR,1976,11.42815495
South Korea,KOR,1977,10.59820175
South Korea,KOR,1978,9.280130386
South Korea,KOR,1979,7.035259247
South Korea,KOR,1980,-3.166620493
South Korea,KOR,1981,5.585902691
South Korea,KOR,1982,6.676619053
South Korea,KOR,1983,11.71702099
South Korea,KOR,1984,9.195796013
South Korea,KOR,1985,6.782329559
South Korea,KOR,1986,10.22535229
South Korea,KOR,1987,11.6186657
South Korea,KOR,1988,10.89649487
South Korea,KOR,1989,6.019062996
South Korea,KOR,1990,8.800429344
South Korea,KOR,1991,9.686999321
South Korea,KOR,1992,5.100781918
South Korea,KOR,1993,5.797285557
South Korea,KOR,1994,8.17476368
South Korea,KOR,1995,8.517152786
South Korea,KOR,1996,6.867624283
South Korea,KOR,1997,5.179629803
South Korea,KOR,1998,-5.811819553
South Korea,KOR,1999,10.67745018
South Korea,KOR,2000,8.152689934
South Korea,KOR,2001,4.051006317
South Korea,KOR,2002,7.104332924
South Korea,KOR,2003,2.614039898
South Korea,KOR,2004,4.78128624
South Korea,KOR,2005,4.087645054
South Korea,KOR,2006,4.712927818
South Korea,KOR,2007,5.266361237
South Korea,KOR,2008,2.233752251
South Korea,KOR,2009,0.275268972
South Korea,KOR,2010,6.274019718
South Korea,KOR,2011,2.89141202
South Korea,KOR,2012,1.865599513
South Korea,KOR,2013,2.696151018
South Korea,KOR,2014,2.556219578
South Korea,KOR,2015,2.268429518
South Korea,KOR,2016,2.539144754
South Korea,KOR,2017,2.870197058
South Korea,KOR,2018,2.46224618
Sri Lanka,LKA,1962,1.405726671
Sri Lanka,LKA,1963,0.143451959
Sri Lanka,LKA,1964,1.488703132
Sri Lanka,LKA,1965,0.129701212
Sri Lanka,LKA,1966,2.533634424
Sri Lanka,LKA,1967,3.91004014
Sri Lanka,LKA,1968,3.319880247
Sri Lanka,LKA,1969,5.271103859
Sri Lanka,LKA,1970,1.594426155
Sri Lanka,LKA,1971,-0.775961339
Sri Lanka,LKA,1972,-2.35905838
Sri Lanka,LKA,1973,5.039381504
Sri Lanka,LKA,1974,1.923819423
Sri Lanka,LKA,1975,4.172620296
Sri Lanka,LKA,1976,1.434362054
Sri Lanka,LKA,1977,3.181696653
Sri Lanka,LKA,1978,3.762320995
Sri Lanka,LKA,1979,4.567613125
Sri Lanka,LKA,1980,4.107432842
Sri Lanka,LKA,1981,4.059429169
Sri Lanka,LKA,1982,2.607120752
Sri Lanka,LKA,1983,3.324691772
Sri Lanka,LKA,1984,3.623929977
Sri Lanka,LKA,1985,3.520891666
Sri Lanka,LKA,1986,2.87641263
Sri Lanka,LKA,1987,0.288741797
Sri Lanka,LKA,1988,1.050602317
Sri Lanka,LKA,1989,0.932464361
Sri Lanka,LKA,1990,5.054980755
Sri Lanka,LKA,1991,3.347565889
Sri Lanka,LKA,1992,3.216334343
Sri Lanka,LKA,1993,5.778869152
Sri Lanka,LKA,1994,4.609853268
Sri Lanka,LKA,1995,4.641628742
Sri Lanka,LKA,1996,3.097091913
Sri Lanka,LKA,1997,5.808550358
Sri Lanka,LKA,1998,4.169996262
Sri Lanka,LKA,1999,3.748962879
Sri Lanka,LKA,2000,5.354733467
Sri Lanka,LKA,2001,-2.243643045
Sri Lanka,LKA,2002,3.142507076
Sri Lanka,LKA,2003,5.049940586
Sri Lanka,LKA,2004,4.557881832
Sri Lanka,LKA,2005,5.383795738
Sri Lanka,LKA,2006,6.842908859
Sri Lanka,LKA,2007,6.010642529
Sri Lanka,LKA,2008,5.197557926
Sri Lanka,LKA,2009,2.821037054
Sri Lanka,LKA,2010,7.279058933
Sri Lanka,LKA,2011,7.677953243
Sri Lanka,LKA,2012,9.002943039
Sri Lanka,LKA,2013,2.592073917
Sri Lanka,LKA,2014,3.985755205
Sri Lanka,LKA,2015,4.046239376
Sri Lanka,LKA,2016,3.338429689
Sri Lanka,LKA,2017,2.41409874
Sri Lanka,LKA,2018,2.194959879
Tanzania,TZA,1989,0.621600747
Tanzania,TZA,1990,3.687664509
Tanzania,TZA,1991,-1.262043357
Tanzania,TZA,1992,-2.784067392
Tanzania,TZA,1993,-2.148298502
Tanzania,TZA,1994,-1.619836092
Tanzania,TZA,1995,0.584744453
Tanzania,TZA,1996,1.819804072
Tanzania,TZA,1997,1.048397303
Tanzania,TZA,1998,1.339431763
Tanzania,TZA,1999,2.438487053
Tanzania,TZA,2000,1.978704453
Tanzania,TZA,2001,3.342624664
Tanzania,TZA,2002,4.224159718
Tanzania,TZA,2003,3.733837605
Tanzania,TZA,2004,4.512531281
Tanzania,TZA,2005,4.489368439
Tanzania,TZA,2006,3.579046965
Tanzania,TZA,2007,3.801084042
Tanzania,TZA,2008,2.731043577
Tanzania,TZA,2009,2.293194532
Tanzania,TZA,2010,3.290225744
Tanzania,TZA,2011,4.549406052
Tanzania,TZA,2012,1.441770077
Tanzania,TZA,2013,3.637372732
Tanzania,TZA,2014,3.581687927
Tanzania,TZA,2015,3.027500391
Tanzania,TZA,2016,3.716771126
Tanzania,TZA,2017,3.643718243
Tanzania,TZA,2018,2.355083466
Thailand,THA,1961,2.275000572
Thailand,THA,1962,4.385579109
Thailand,THA,1963,4.806969166
Thailand,THA,1964,3.668171167
Thailand,THA,1965,4.980948448
Thailand,THA,1966,7.847136974
Thailand,THA,1967,5.433675289
Thailand,THA,1968,4.97534132
Thailand,THA,1969,3.470548391
Thailand,THA,1970,8.214014053
Thailand,THA,1971,1.914693236
Thailand,THA,1972,1.354242206
Thailand,THA,1973,7.214268208
Thailand,THA,1974,1.699030876
Thailand,THA,1975,2.306887865
Thailand,THA,1976,6.677994251
Thailand,THA,1977,7.299013138
Thailand,THA,1978,7.849588871
Thailand,THA,1979,3.126642227
Thailand,THA,1980,3.01407218
Thailand,THA,1981,3.82098794
Thailand,THA,1982,3.36400485
Thailand,THA,1983,3.652326822
Thailand,THA,1984,3.846319437
Thailand,THA,1985,2.772547245
Thailand,THA,1986,3.635091066
Thailand,THA,1987,7.558280945
Thailand,THA,1988,11.33643436
Thailand,THA,1989,10.41900539
Thailand,THA,1990,9.622199059
Thailand,THA,1991,7.279298782
Thailand,THA,1992,7.00172472
Thailand,THA,1993,7.274479389
Thailand,THA,1994,7.011065483
Thailand,THA,1995,7.043977261
Thailand,THA,1996,4.487162113
Thailand,THA,1997,-3.898539066
Thailand,THA,1998,-8.741667747
Thailand,THA,1999,3.37470746
Thailand,THA,2000,3.369970083
Thailand,THA,2001,2.48932147
Thailand,THA,2002,5.271098137
Thailand,THA,2003,6.390886784
Thailand,THA,2004,5.560903549
Thailand,THA,2005,3.517297983
Thailand,THA,2006,4.335650444
Thailand,THA,2007,4.846460342
Thailand,THA,2008,1.192207217
Thailand,THA,2009,-1.189422369
Thailand,THA,2010,6.988267422
Thailand,THA,2011,0.357206464
Thailand,THA,2012,6.740714073
Thailand,THA,2013,2.222539186
Thailand,THA,2014,0.550320685
Thailand,THA,2015,2.720140934
Thailand,THA,2016,3.050047874
Thailand,THA,2017,3.818674326
Thailand,THA,2018,3.861482382
Tunisia,TUN,1966,1.380552053
Tunisia,TUN,1967,-1.941025019
Tunisia,TUN,1968,8.024029732
Tunisia,TUN,1969,2.460605145
Tunisia,TUN,1970,2.38710928
Tunisia,TUN,1971,8.157634735
Tunisia,TUN,1972,15.1827383
Tunisia,TUN,1973,-2.821830988
Tunisia,TUN,1974,5.697948456
Tunisia,TUN,1975,4.77059412
Tunisia,TUN,1976,5.461290836
Tunisia,TUN,1977,1.079508424
Tunisia,TUN,1978,3.978003979
Tunisia,TUN,1979,3.983479023
Tunisia,TUN,1980,4.66699028
Tunisia,TUN,1981,2.660220385
Tunisia,TUN,1982,-3.288083076
Tunisia,TUN,1983,1.712092996
Tunisia,TUN,1984,2.815359354
Tunisia,TUN,1985,2.84757638
Tunisia,TUN,1986,-3.914977789
Tunisia,TUN,1987,4.167399406
Tunisia,TUN,1988,-2.208576918
Tunisia,TUN,1989,-0.523960114
Tunisia,TUN,1990,5.562314034
Tunisia,TUN,1991,1.619517207
Tunisia,TUN,1992,5.477816582
Tunisia,TUN,1993,0.074462645
Tunisia,TUN,1994,1.199709773
Tunisia,TUN,1995,0.585308909
Tunisia,TUN,1996,5.505072117
Tunisia,TUN,1997,4.006830215
Tunisia,TUN,1998,3.519474745
Tunisia,TUN,1999,4.910367012
Tunisia,TUN,2000,3.687933207
Tunisia,TUN,2001,2.88941884
Tunisia,TUN,2002,0.528647006
Tunisia,TUN,2003,3.923117876
Tunisia,TUN,2004,5.419635773
Tunisia,TUN,2005,2.62132287
Tunisia,TUN,2006,4.269851208
Tunisia,TUN,2007,5.637551308
Tunisia,TUN,2008,3.139836311
Tunisia,TUN,2009,1.954188347
Tunisia,TUN,2010,2.444892168
Tunisia,TUN,2011,-2.640299559
Tunisia,TUN,2012,2.906225681
Tunisia,TUN,2013,1.154958844
Tunisia,TUN,2014,1.683125496
Tunisia,TUN,2015,-0.054598179
Tunisia,TUN,2016,0.008286165
Tunisia,TUN,2017,1.086175323
Tunisia,TUN,2018,1.342976928
Turkey,TUR,1961,-1.268241167
Turkey,TUR,1962,3.059924841
Turkey,TUR,1963,6.486465454
Turkey,TUR,1964,2.973251343
Turkey,TUR,1965,0.404279768
Turkey,TUR,1966,8.602306366
Turkey,TUR,1967,2.280141115
Turkey,TUR,1968,4.278524876
Turkey,TUR,1969,1.639443159
Turkey,TUR,1970,0.803637862
Turkey,TUR,1971,3.071476221
Turkey,TUR,1972,4.881130695
Turkey,TUR,1973,0.82337302
Turkey,TUR,1974,3.12333107
Turkey,TUR,1975,4.699300766
Turkey,TUR,1976,7.953686237
Turkey,TUR,1977,1.09563458
Turkey,TUR,1978,-0.746581972
Turkey,TUR,1979,-2.829315662
Turkey,TUR,1980,-4.625580311
Turkey,TUR,1981,2.496908665
Turkey,TUR,1982,1.229841471
Turkey,TUR,1983,2.633970499
Turkey,TUR,1984,4.403882027
Turkey,TUR,1985,2.077816725
Turkey,TUR,1986,4.888763905
Turkey,TUR,1987,7.40217638
Turkey,TUR,1988,0.447775662
Turkey,TUR,1989,-1.486309052
Turkey,TUR,1990,7.383071423
Turkey,TUR,1991,-0.967257679
Turkey,TUR,1992,3.324226379
Turkey,TUR,1993,5.931883335
Turkey,TUR,1994,-6.175858974
Turkey,TUR,1995,6.17718792
Turkey,TUR,1996,5.686793327
Turkey,TUR,1997,5.88612175
Turkey,TUR,1998,0.806059062
Turkey,TUR,1999,-4.75058651
Turkey,TUR,2000,5.322135925
Turkey,TUR,2001,-7.147845745
Turkey,TUR,2002,4.890330791
Turkey,TUR,2003,4.252446175
Turkey,TUR,2004,8.286032677
Turkey,TUR,2005,7.559697151
Turkey,TUR,2006,5.620645523
Turkey,TUR,2007,3.797987461
Turkey,TUR,2008,-0.38292262
Turkey,TUR,2009,-6.027912617
Turkey,TUR,2010,6.919606686
Turkey,TUR,2011,9.509983063
Turkey,TUR,2012,3.09310174
Turkey,TUR,2013,6.664883614
Turkey,TUR,2014,3.16809082
Turkey,TUR,2015,4.328127861
Turkey,TUR,2016,1.642463446
Turkey,TUR,2017,5.794264317
Turkey,TUR,2018,1.449522495
Uganda,UGA,1983,2.513481379
Uganda,UGA,1984,-3.4875741
Uganda,UGA,1985,-6.470891476
Uganda,UGA,1986,-3.013657808
Uganda,UGA,1987,0.349947155
Uganda,UGA,1988,4.470562935
Uganda,UGA,1989,2.663349152
Uganda,UGA,1990,2.846015453
Uganda,UGA,1991,2.031581402
Uganda,UGA,1992,0.030072011
Uganda,UGA,1993,4.855973244
Uganda,UGA,1994,3.083861113
Uganda,UGA,1995,8.138093948
Uganda,UGA,1996,5.858677864
Uganda,UGA,1997,2.078461885
Uganda,UGA,1998,1.914959192
Uganda,UGA,1999,4.939218521
Uganda,UGA,2000,0.098901361
Uganda,UGA,2001,1.997333288
Uganda,UGA,2002,5.370172977
Uganda,UGA,2003,3.140256882
Uganda,UGA,2004,3.459203959
Uganda,UGA,2005,3.016791344
Uganda,UGA,2006,7.345883369
Uganda,UGA,2007,5.04875946
Uganda,UGA,2008,5.331581593
Uganda,UGA,2009,3.471568346
Uganda,UGA,2010,2.324422598
Uganda,UGA,2011,5.965131283
Uganda,UGA,2012,0.586620033
Uganda,UGA,2013,0.290714175
Uganda,UGA,2014,1.640844584
Uganda,UGA,2015,1.572254896
Uganda,UGA,2016,1.018514872
Uganda,UGA,2017,-0.670054555
Uganda,UGA,2018,2.416779041
Vietnam,VNM,1985,1.4464674
Vietnam,VNM,1986,0.483932793
Vietnam,VNM,1987,1.293784857
Vietnam,VNM,1988,2.84495306
Vietnam,VNM,1989,5.057838917
Vietnam,VNM,1990,2.877013922
Vietnam,VNM,1991,3.751040697
Vietnam,VNM,1992,6.428888321
Vietnam,VNM,1993,5.954902649
Vietnam,VNM,1994,6.842654228
Vietnam,VNM,1995,7.699109077
Vietnam,VNM,1996,7.67512846
Vietnam,VNM,1997,6.659536839
Vietnam,VNM,1998,4.434203625
Vietnam,VNM,1999,3.553781748
Vietnam,VNM,2000,5.618635178
Vietnam,VNM,2001,5.098526001
Vietnam,VNM,2002,5.28817606
Vietnam,VNM,2003,5.902513981
Vietnam,VNM,2004,6.550971031
Vietnam,VNM,2005,6.559631348
Vietnam,VNM,2006,5.985664368
Vietnam,VNM,2007,6.123617172
Vietnam,VNM,2008,4.652442455
Vietnam,VNM,2009,4.370659351
Vietnam,VNM,2010,5.364173412
Vietnam,VNM,2011,5.15994978
Vietnam,VNM,2012,4.156776905
Vietnam,VNM,2013,4.317549706
Vietnam,VNM,2014,4.872835159
Vietnam,VNM,2015,5.570526123
Vietnam,VNM,2016,5.11813736
Vietnam,VNM,2017,5.728088379
Vietnam,VNM,2018,6.01639843
Zambia,ZMB,1961,-1.63525784
Zambia,ZMB,1962,-5.371127129
Zambia,ZMB,1963,0.215681598
Zambia,ZMB,1964,8.873040199
Zambia,ZMB,1965,13.14342499
Zambia,ZMB,1966,-8.42957592
Zambia,ZMB,1967,4.625623703
Zambia,ZMB,1968,-1.87770772
Zambia,ZMB,1969,-3.55905652
Zambia,ZMB,1970,1.453836203
Zambia,ZMB,1971,-3.328365803
Zambia,ZMB,1972,5.615722179
Zambia,ZMB,1973,-4.250322342
Zambia,ZMB,1974,2.883304596
Zambia,ZMB,1975,-5.522807598
Zambia,ZMB,1976,2.698629856
Zambia,ZMB,1977,-7.717804432
Zambia,ZMB,1978,-2.769336462
Zambia,ZMB,1979,-6.245285034
Zambia,ZMB,1980,-0.409681201
Zambia,ZMB,1981,2.599261045
Zambia,ZMB,1982,-6.07788229
Zambia,ZMB,1983,-5.234079838
Zambia,ZMB,1984,-3.603247404
Zambia,ZMB,1985,-1.637264132
Zambia,ZMB,1986,-2.430412769
Zambia,ZMB,1987,-0.469851732
Zambia,ZMB,1988,3.1274786
Zambia,ZMB,1989,-3.832350492
Zambia,ZMB,1990,-3.163811922
Zambia,ZMB,1991,-2.579431295
Zambia,ZMB,1992,-4.110910892
Zambia,ZMB,1993,4.266433716
Zambia,ZMB,1994,-10.82241917
Zambia,ZMB,1995,0.33147347
Zambia,ZMB,1996,3.453466654
Zambia,ZMB,1997,1.02471745
Zambia,ZMB,1998,-3.100260735
Zambia,ZMB,1999,1.821592569
Zambia,ZMB,2000,1.150472283
Zambia,ZMB,2001,2.595789433
Zambia,ZMB,2002,1.843696475
Zambia,ZMB,2003,4.236981392
Zambia,ZMB,2004,4.309002876
Zambia,ZMB,2005,4.471526146
Zambia,ZMB,2006,5.091439247
Zambia,ZMB,2007,5.497461796
Zambia,ZMB,2008,4.875218391
Zambia,ZMB,2009,6.190386295
Zambia,ZMB,2010,7.12980938
Zambia,ZMB,2011,2.423883677
Zambia,ZMB,2012,4.310198784
Zambia,ZMB,2013,1.80974865
Zambia,ZMB,2014,1.480579853
Zambia,ZMB,2015,-0.187950015
Zambia,ZMB,2016,0.706659436
Zambia,ZMB,2017,0.49408561
Zambia,ZMB,2018,1.048033595
